member_id,name,age,location,travel_budget,signup_date,preference,num_dependents,has_passport
1685,michael williams,71,Stevenstad- IA,646000,17/07/2021,luxury,3,False
1614,Danielle george,50,"Jessicabury, NC",153000,2024-04-06,adventure,0,True
1602,denise brock,22,Salinasfort- ND,155000,2024-09-23,beach,3,True
1502,Terry holmes,unknown,South Megan- MP,403000,"Apr 24, 2024",beach,3,True
1341,michelle walker,25,"Davidburgh, CO",693000,22/01/2023,cultural,3,True
1248,STANLEY CARDENAS,34,"Alexbury, MP",192000,2022-09-13,beach,1,True
1716,JAMIE FRANKLIN,34,"West Samanthaberg, CA",675000,"Sep 11, 2024",adventure,3,True
1904,LEAH OCHOA,68,New Troytown- WV,406000,10/01/2025,beach,1,True
1827,Diane leach dds,33,Pamelaland- NJ,635000,"Sep 09, 2021",adventure,1,False
1049,JOHN FRANCO,74,Kristentown- MD,329000,"Nov 19, 2022",nature,3,True
1487,Mary stanley,54,"East Sarahfort, RI",789000,2024-09-25,beach,0,True
1142,christopher garcia,25,West Jeffery- ND,235000,"Nov 16, 2021",luxury,2,True
1432,Erin grant,-3,"Lake Brandy, OH",811000,2022-11-20,adventure,3,True
1250,sherri anderson,-3,Thompsonhaven- PR,675000,2022-12-06,adventure,2,True
1806,jose harvey,,Richardsonhaven- AR,682000,2024-03-30,luxury,3,True
1133,PAUL SIMMONS,33,East Elizabeth- NV,512000,2024-01-15,budget,0,True
1104,STEPHANIE BAILEY,55,Port Diana- KY,262000,"Dec 26, 2023",adventure,0,True
1006,DARREN BANKS,57,Colleenport- KY,834000,2024-07-16,nature,1,True
1516,Amy byrd md,56,"South Sierraland, GA",798000,18/10/2023,adventure,1,True
1504,MICHAEL MARTIN,49,"Sanchezland, MS",383000,08/10/2021,cultural,1,True
1992,MARIA COHEN,-3,Williston- PA,682000,2024-11-19,luxury,2,True
1480,KATELYN CARLSON,22,"Port Brandi, AZ",889000,16/09/2021,adventure,1,True
1429,PAMELA MURRAY,75,"East Joeview, FL",688000,2023-01-08,beach,1,True
1553,CAROL ALVAREZ,27,"Port Barry, HI",480000,15/04/2025,beach,1,True
1347,Brandon berger,63,New Jaredbury- WV,610000,"Feb 19, 2023",beach,0,True
1119,Lisa johnson,62,"Sheilabury, MS",601000,2025-03-17,beach,0,True
1108,NICOLAS RIOS,39,Lake Michael- KY,291000,"Aug 11, 2024",budget,3,True
1762,Julia jarvis,50,"South Mary, MD",518000,26/12/2024,adventure,3,False
1962,Peggy thomas,44,Montgomeryview- WI,750000,"Jul 11, 2021",beach,1,True
1659,nathan taylor,70,Shellymouth- MS,519000,2022-07-17,adventure,3,False
1915,Susan wallace,67,"Yeseniamouth, MH",263000,"Jan 15, 2023",luxury,2,True
1731,Chad gonzalez,27,Lake Beverlystad- MI,214000,05/10/2024,budget,2,True
1990,ASHLEY SMITH,21,Robertshire- NH,563000,2023-05-01,beach,0,True
1574,Michelle ferguson,-3,"New Megan, PA",158000,19/08/2022,adventure,1,True
1830,LISA BROWN,36,Walshburgh- ME,571000,11/01/2023,beach,3,True
1200,MONICA DAVIDSON,77,Ryantown- WA,500000,"Nov 07, 2024",adventure,2,True
1078,ASHLEY HANNA,58,"Adrienneton, HI",861000,29/01/2025,luxury,1,True
1581,jessica buck,70,"East Karen, MI",120000,05/03/2024,nature,1,True
1262,kelly hunt,61,"Port Diana, NV",259000,21/04/2024,adventure,3,True
1619,Brittany willis md,48,"New Nicholas, VT",362000,"Nov 02, 2022",nature,2,True
1957,angela green,20,Mendozaville- VA,300000,08/02/2023,beach,1,True
1156,Kevin miller,71,Stephanieburgh- DE,574000,11/08/2024,beach,3,True
1090,Trevor jordan,66,"Hicksburgh, NC",569000,15/06/2023,luxury,2,True
1101,Brittany villa,-3,Daveborough- UT,627000,2025-01-11,cultural,3,True
1094,angela watkins,28,"Nicolemouth, KY",482000,26/07/2022,beach,3,False
1496,Katelyn farmer,24,East Maurice- MO,259000,04/05/2024,adventure,2,True
1943,Veronica taylor,76,South Stephaniebury- AK,866000,2024-10-05,beach,1,True
1041,matthew nguyen,64,Ericville- WA,834000,19/01/2024,luxury,0,True
1661,Patricia martinez,45,East Sean- MO,737000,"Jan 01, 2024",adventure,3,True
1862,CALVIN COLE,64,"North Susan, WA",314000,"Nov 21, 2024",cultural,2,True
1736,stephanie lynch,27,East Jonathanstad- NY,520000,"Mar 07, 2024",cultural,2,True
1034,SARA BAXTER,30,Reedside- SD,736000,"Sep 25, 2024",nature,2,True
1175,JEFFERY WASHINGTON,52,"Hollyshire, LA",517000,21/01/2022,beach,2,True
1035,richard miller,68,Port Leslie- ID,531000,16/12/2022,luxury,2,True
1148,zachary johnson,,"Laurenborough, UT",784000,2021-08-18,nature,1,True
1463,Jason taylor,41,"West Kimville, OR",664000,"Apr 30, 2025",luxury,2,True
1599,MR. DANIEL SMITH DDS,77,Allenchester- WA,288000,23/11/2024,adventure,2,True
1682,laura spencer,71,East Cameron- ME,490000,"Nov 06, 2022",nature,0,True
1987,timothy phillips,42,"Jessicamouth, RI",115000,2021-08-22,adventure,0,True
1700,billy boyd,45,Cainshire- NH,171000,2022-01-15,luxury,0,True
1877,KELLY BOWEN,54,East Katie- PA,171000,2021-12-22,adventure,1,True
1697,Caleb ashley,54,South Kristieville- NJ,649000,30/06/2022,luxury,1,True
1374,MELISSA BARTON,47,"Johnfort, MS",328000,2023-07-19,adventure,3,True
1739,lisa ball,20,"South Christopherberg, DE",616000,"Aug 15, 2022",adventure,0,True
1635,SAMANTHA ALI,43,"Morrowhaven, MN",801000,11/10/2021,luxury,1,False
1573,ROBERT MORRIS,-3,North Nicole- NE,394000,19/08/2021,luxury,1,True
1472,karen booth,30,West Jeffreystad- VI,510000,"Jun 29, 2022",cultural,3,True
1821,matthew anderson,58,"Lake Alan, MP",147000,28/03/2023,nature,0,False
1976,Henry hall,unknown,West Andrewburgh- IA,710000,16/12/2024,luxury,3,True
1017,LINDSEY HOFFMAN,78,"Lake Laura, VT",600000,"Nov 10, 2021",cultural,1,True
1207,Charles brooks,50,Jonathanport- TN,236000,"Nov 16, 2022",budget,2,True
1758,CHAD ZAMORA,-3,Browningchester- KS,455000,"Apr 12, 2022",luxury,0,True
1244,JASON THOMAS,27,"Andrewside, PR",224000,2023-04-15,beach,2,True
1822,cathy carr,65,"Johnton, GA",385000,"Jun 17, 2025",adventure,3,False
1241,eric conner,80,"Port Edwardshire, CA",506000,2024-03-22,beach,0,False
1065,terry riley,25,"South Luis, UT",273000,14/01/2022,adventure,1,True
1799,paul thomas,55,Port Michaelshire- OH,126000,"Oct 15, 2024",beach,0,True
1910,jesus burke,52,"North Wayne, ME",101000,2021-10-07,luxury,0,True
1563,kevin santana,46,Kylefurt- OH,297000,"Dec 17, 2024",budget,2,False
1191,melinda lowery,65,North William- IN,175000,15/04/2024,beach,3,True
1364,Mr. robert smith,47,Valerieport- VI,651000,"Apr 09, 2023",luxury,1,False
1747,Charles joyce,63,Lancetown- HI,836000,09/01/2025,luxury,1,False
1335,MIRANDA PARSONS,64,Sarahfort- DE,536000,19/02/2025,adventure,0,True
1223,TRACY BOYD,18,"North Victor, MD",515000,2025-03-02,budget,2,True
1186,david williams,52,"Williamchester, ND",476000,"Feb 24, 2023",adventure,0,True
1180,Christopher lewis,70,"Lake Michael, ID",550000,"Nov 13, 2023",adventure,0,True
1267,Adrienne lang,25,"New Dawnfort, VA",160000,"Sep 22, 2023",beach,2,True
1788,TIMOTHY WILEY,24,Carrollville- AR,357000,"Jul 13, 2021",beach,3,True
1578,Sherry west,24,"Grossburgh, SC",696000,"Oct 27, 2023",luxury,3,True
1643,Michael torres,59,Archerton- DE,529000,"Jul 11, 2023",adventure,3,True
1419,michael huber,36,East Tyler- ND,170000,2023-04-21,adventure,2,False
1494,Cheryl richardson,23,North Kelly- NY,193000,30/08/2024,adventure,1,True
1274,DAWN SCHMITT,20,"East Kimberlyport, KY",483000,09/01/2025,budget,2,True
1783,Cody wagner,73,"Port Bryan, NV",689000,"Apr 04, 2025",beach,2,True
1679,Christy tapia,61,"Mortonhaven, FM",743000,"Aug 16, 2022",budget,2,False
1531,CATHERINE FLORES,42,North Lauriechester- FL,846000,"Jul 10, 2022",beach,2,True
1320,maria nguyen,43,"North Ryan, AK",402000,16/05/2024,adventure,2,True
1331,DOMINIQUE SAUNDERS,73,"Port Danielchester, MT",591000,"Feb 22, 2024",budget,2,True
1403,Ashley decker,18,"North Tiffany, RI",267000,2025-01-12,beach,2,True
1154,PHILIP ESTRADA,unknown,"New Donald, IL",123000,"Aug 10, 2021",luxury,3,True
1340,DEBRA BLACK,52,"West Ashley, PW",336000,2023-09-10,nature,0,True
1013,Meredith reed,61,Sandraton- PR,755000,2025-02-08,cultural,0,True
1404,LOUIS MORENO,53,"Smithton, NM",474000,"Sep 14, 2023",nature,0,True
1486,Brenda clark,60,"West Joshuachester, NV",159000,14/04/2025,beach,1,True
1436,Austin lambert,71,Pagehaven- WY,546000,"Dec 01, 2022",beach,3,True
1921,Jasmine gallegos,45,"Aaronland, RI",313000,"Apr 17, 2023",beach,3,True
1897,JON DORSEY,45,"Leonardview, NY",181000,29/07/2023,nature,3,True
1529,KRISTEN SHEPPARD,-3,Michelleville- AL,311000,"May 04, 2023",budget,2,True
1785,Stephen delgado,28,Port Kathy- PR,839000,2024-07-01,beach,3,True
1464,SHARON WARD,46,"Molinamouth, IN",777000,"Jun 26, 2022",budget,0,True
1959,Jessica miller,20,Lauraport- VT,159000,28/12/2022,adventure,3,True
1434,carrie good,43,New Jennifer- SD,222000,2022-04-12,beach,1,False
1840,JAMES YOUNG,53,"South Jenniferville, MT",886000,2024-07-27,beach,2,True
1059,curtis morris,57,"Port Lesliechester, IL",443000,25/09/2022,beach,3,True
1873,Philip lane,34,"Lake Stevenborough, CT",761000,2021-07-23,nature,3,True
1382,tracy brown,26,Kellyview- MD,702000,2021-12-26,cultural,3,True
1189,nathaniel harris,73,"West Janefurt, WV",740000,2021-12-01,nature,2,True
1491,DAVID ROSS,78,"Kelleychester, LA",654000,26/06/2024,luxury,3,False
1120,David mcdonald,77,Andreaview- ME,632000,"Oct 19, 2021",budget,0,False
1443,CHRISTINA MARTINEZ,66,North Shawnstad- AZ,871000,16/10/2024,adventure,1,True
1884,Sandra allison,62,"New Frankhaven, KS",284000,19/07/2023,adventure,0,True
1314,nicholas garrett,49,South Jason- PW,305000,"Oct 16, 2022",beach,0,True
1003,Samantha hart,80,"Port Alishaborough, NY",617000,07/04/2023,beach,0,True
1195,KIMBERLY SAWYER,39,Lake Timothy- ND,555000,2023-02-03,cultural,2,False
1205,Mr. michael fernandez md,unknown,"North Joshuaton, ID",571000,03/05/2025,adventure,0,True
1644,SAMUEL WILLIAMS,unknown,West Shannonmouth- GU,200000,04/02/2022,beach,3,True
1701,Timothy lee,24,"East Robert, PR",242000,"May 26, 2024",adventure,0,True
1455,SAMUEL ROBERSON,,Port Daniel- VT,506000,"Jul 11, 2023",beach,1,False
1874,Matthew turner,72,Port Amy- IL,447000,2024-03-23,luxury,1,False
1923,JOSHUA HARPER,,"West Ashleytown, OH",714000,29/10/2023,adventure,2,True
1720,debbie spence,38,"New Alicia, DE",511000,2023-08-02,adventure,3,True
1306,joseph hernandez,41,"South Kennethstad, ME",762000,2023-09-21,adventure,1,True
1482,Kelli carter,44,Jessicastad- OH,507000,20/10/2023,cultural,3,True
1002,valerie roberson,52,South Charlesport- MN,763000,"Mar 31, 2024",adventure,2,True
1946,kathryn young,78,"South Elizabethside, MH",169000,"Oct 16, 2021",cultural,1,True
1818,vanessa stephenson,64,Arnoldberg- DC,130000,"Jun 03, 2022",beach,1,True
1999,TAMARA GONZALES,75,Lake Mary- AZ,690000,20/04/2024,luxury,3,True
1956,autumn baker,58,"South Ambershire, GA",328000,"Mar 24, 2023",nature,0,True
1711,LOGAN WILLIAMS,68,West Brian- UT,151000,10/12/2022,adventure,1,True
1663,kathryn shah,45,Sarahton- WA,231000,03/01/2024,beach,1,False
1073,Cody cline,28,South Danielle- TX,688000,2023-05-18,beach,2,True
1117,David dougherty,78,"Colleenport, ND",205000,26/11/2021,beach,0,True
1604,SARAH SANTOS,67,East Brianfurt- SC,512000,"Jul 19, 2022",budget,1,True
1890,shannon carr,77,Juarezton- OK,210000,"Jun 28, 2025",luxury,3,True
1111,SAMANTHA JOHNSTON,36,"North Thomas, GU",772000,"Dec 02, 2022",nature,0,True
1005,joseph nicholson,64,"Lake Alexanderborough, WA",853000,"Jul 19, 2024",adventure,1,True
1649,KEVIN HESTER,33,Port Tammyburgh- PA,886000,"Apr 20, 2023",cultural,1,True
1474,Bill cordova,37,Alyssafurt- RI,739000,15/11/2024,adventure,1,True
1560,MARIO MORALES,23,Shannonside- DE,674000,07/01/2023,adventure,1,True
1415,Ivan mckay,29,"Morachester, MD",529000,"Mar 12, 2022",luxury,2,False
1817,ERIC ORTIZ,33,Alexanderburgh- OR,522000,2024-01-20,nature,2,True
1446,BRIAN PETTY,33,"North Joseph, FM",377000,2022-06-17,beach,3,True
1008,David ramos,26,"West Michael, CT",200000,2022-02-15,beach,1,True
1355,SARA GARCIA,78,Herreratown- FM,157000,"Jun 23, 2022",adventure,2,True
1056,MARY CLARK,38,Ericchester- MD,533000,2022-07-12,adventure,0,True
1258,sara stanley,30,"Michellefurt, KS",871000,15/02/2023,beach,1,True
1726,Tara olson,31,New Clintonmouth- OK,237000,"Aug 24, 2022",cultural,3,False
1473,PAUL SALINAS,20,Rodriguezchester- AR,773000,05/10/2023,nature,0,True
1804,JASON BENNETT,27,Phillipsberg- NJ,535000,23/08/2024,nature,2,True
1084,SCOTT TYLER,,West Debramouth- MT,164000,18/11/2022,adventure,0,True
1975,KRISTI TORRES,63,"Lake Lauramouth, PW",384000,2022-05-02,luxury,2,True
1159,christian acosta,59,"South Jonathanville, AZ",194000,"May 11, 2025",cultural,1,True
1721,lisa davis,51,"Kellytown, MP",354000,2024-09-27,nature,2,True
1125,CALVIN DAVIS,48,Port Amanda- KS,229000,2023-02-04,luxury,3,True
1781,jasmine rivas,69,Monicaport- NE,380000,2022-07-09,nature,2,False
1892,dr. carmen carter,60,"Port Annberg, PA",526000,"May 31, 2025",luxury,0,True
1481,Kathleen ashley,22,Washingtonshire- OR,141000,10/11/2023,nature,2,True
1389,Michael thompson,32,South Sarah- ND,656000,2022-07-01,cultural,0,True
1550,Cassandra gutierrez,29,"New Sandrashire, DE",834000,15/04/2023,budget,0,False
1802,Alyssa davis,67,Port Pamela- OR,164000,11/10/2023,beach,2,True
1383,DAWN HARRIS,45,"Lake Benjamin, MT",498000,22/02/2023,cultural,0,True
1934,Scott lee,40,West Michael- MT,542000,02/10/2023,beach,2,True
1081,jeffrey hawkins,75,"Lake Chad, NH",100000,"May 03, 2022",luxury,0,True
1238,Linda smith,58,"New Rebeccashire, LA",391000,18/12/2024,luxury,0,True
1973,JACOB GREENE,67,"Torresborough, ME",236000,"May 14, 2023",nature,3,False
1329,SHARON SMITH,50,East Staceybury- PR,333000,17/08/2022,cultural,0,True
1202,christopher reyes,67,North Justinberg- DE,224000,"Sep 04, 2021",nature,0,True
1955,JEREMY MAYER,20,"New Melissa, WA",414000,2022-07-10,nature,2,True
1228,michael peterson,32,"South Michaelfort, MN",710000,"May 11, 2024",beach,0,True
1354,Tara stevenson,unknown,"Banksmouth, GA",106000,"Jul 01, 2023",luxury,3,True
1216,victoria green,32,Craighaven- IA,636000,03/06/2023,nature,1,True
1594,CRYSTAL ROBINSON,29,Danielstown- CA,799000,2022-10-20,budget,0,True
1050,TANYA WATSON,21,East Maryfurt- LA,398000,2021-09-30,adventure,2,True
1941,Kenneth levy,70,"West Jeanetteberg, ND",816000,"Dec 24, 2022",beach,3,True
1590,DONNA FLOYD,63,Sarahburgh- MP,625000,26/02/2023,luxury,1,True
1803,paul ortega,67,"West Brittanyshire, MI",816000,13/09/2021,adventure,1,True
1605,Elizabeth harvey,30,"Bowmanmouth, TX",754000,"Oct 13, 2023",beach,3,True
1201,ROBIN BROOKS,unknown,New Jasmine- KS,115000,2023-09-05,luxury,3,True
1613,GARY SANCHEZ,69,"Wilcoxmouth, KY",261000,11/12/2023,beach,3,True
1194,William martinez,22,"Ashleyhaven, WI",204000,22/03/2023,beach,1,True
1789,ashley hunt,62,"North Zachary, KS",465000,"Jul 02, 2023",beach,0,False
1719,mary jefferson,66,"Port Lori, GA",855000,2025-04-17,nature,1,True
1831,Jamie bass,25,"North Valeriemouth, ID",594000,18/02/2024,nature,1,True
1236,JEREMY RAMIREZ,28,New Carolyn- NM,685000,"Apr 24, 2025",nature,1,True
1589,TERESA BRYANT,-3,"West Anthony, NV",699000,17/11/2021,nature,1,True
1255,david newman,69,"East Michaela, AS",521000,21/02/2022,nature,0,True
1667,teresa rodriguez,64,"Ashleyfort, IN",724000,"Jun 01, 2025",nature,0,False
1593,juan kim,33,Leeview- VT,855000,2022-12-21,nature,2,True
1555,MATTHEW POOLE,70,Lindaborough- MI,760000,"Feb 26, 2023",beach,3,True
1345,angela crane,29,"Pittston, NJ",366000,20/02/2024,nature,3,False
1298,Natalie lara,74,"Lake Madison, FL",344000,2021-12-19,budget,1,True
1349,kirsten schwartz,59,West Natalie- VA,388000,06/05/2025,budget,1,True
1979,Timothy jones,34,Justinport- OK,878000,"Aug 02, 2021",adventure,0,True
1422,Valerie willis,64,"South Annamouth, AR",461000,18/01/2023,beach,0,True
1047,DEANNA ROSE,29,"Abigailmouth, NJ",706000,"Aug 04, 2022",adventure,0,True
1676,edward brown,35,"West Brianstad, OR",742000,28/05/2024,luxury,0,True
1641,Paul weiss,76,Leachport- DE,341000,2023-07-01,adventure,1,True
1019,Patrick thompson,69,Ericaborough- GA,324000,2022-03-01,beach,0,True
1372,brian guerrero,46,"Linchester, OK",809000,01/03/2024,beach,1,False
1865,Kathleen hanna,26,"East Vanessa, OR",862000,2024-10-10,adventure,3,True
1293,ANTHONY BRYANT,-3,Chapmanfurt- ME,636000,28/05/2022,luxury,2,True
1680,james kim,75,Sandrachester- CT,734000,"Sep 22, 2022",budget,0,True
1309,shelby bennett md,24,West Todd- MN,451000,08/09/2023,adventure,1,True
1268,john silva,55,South Cassandrashire- KY,832000,2022-11-20,cultural,1,False
1437,SHELBY GONZALES,,"North Amanda, FM",591000,"Sep 12, 2024",adventure,0,True
1828,Joseph taylor,80,Lisashire- VI,125000,11/01/2025,adventure,2,True
1358,Andrea charles,78,Lake David- PA,891000,2025-06-06,cultural,1,True
1754,melissa moore,50,South Elizabethshire- KS,250000,2021-07-21,beach,2,True
1177,samuel murillo,20,Campbellbury- HI,537000,"May 17, 2024",adventure,0,True
1638,Joseph wright,61,"Gordonshire, WY",629000,2022-12-29,nature,0,True
1060,LISA REEVES,unknown,"Lake Tammy, MN",479000,2021-09-15,nature,2,True
1386,leslie rodriguez,57,"Port Rachelchester, OH",728000,03/07/2023,nature,3,True
1724,Matthew lee,45,"Karaland, FM",740000,"Apr 23, 2023",cultural,0,True
1790,Juan smith,77,South Jane- ND,237000,"Nov 02, 2022",budget,2,False
1584,paula mitchell,34,"Port Stevenchester, CO",384000,"May 09, 2023",nature,1,True
1433,james ritter,60,Ianside- MA,289000,2024-10-24,adventure,3,False
1766,Joshua donovan,37,Maureenchester- AL,465000,"Dec 27, 2021",nature,1,True
1107,lucas wagner,53,"Lake Lisa, NM",256000,2022-11-13,adventure,3,True
1968,JOSHUA HANCOCK,55,South Timothy- AZ,540000,13/09/2022,adventure,3,True
1993,VERONICA BROOKS,21,"East Linda, MA",618000,2024-11-10,beach,0,True
1678,CARLA SIMMONS,42,"Leeland, NM",350000,12/05/2025,beach,1,True
1811,Mary soto,71,"Amyberg, KS",706000,2024-07-08,nature,0,True
1099,STACEY JACKSON,55,West Steven- HI,212000,2023-05-02,adventure,2,True
1233,jennifer mcclain,44,"Gabrielborough, ID",346000,14/04/2025,luxury,2,True
1242,THOMAS HART,34,Port Clifford- AZ,561000,"Apr 02, 2022",beach,3,True
1810,Gregory rice,unknown,Davidmouth- VA,227000,2022-10-22,luxury,3,True
1304,amy mcpherson,-3,South Kylietown- MI,587000,2024-12-21,luxury,0,True
1414,MR. MARTIN BRANDT,34,Manuelborough- MO,899000,31/12/2022,beach,1,True
1484,john koch,69,"Danielsmouth, NE",769000,12/10/2024,beach,3,True
1988,LEAH MITCHELL,43,South David- IN,300000,"Dec 16, 2023",adventure,3,True
1930,SUSAN BUSH,21,"Wustad, MD",748000,03/12/2023,adventure,3,True
1181,ashley wright,,Jennifershire- VI,692000,"Aug 27, 2022",luxury,1,True
1012,jeremy jones,63,West Brandonbury- VT,455000,"May 12, 2023",adventure,0,True
1618,JACOB SMITH,78,"Lake Josephborough, MN",414000,2023-09-29,cultural,1,False
1085,riley hopkins,unknown,West Tracifurt- AR,599000,"Apr 26, 2025",cultural,3,True
1843,Gregory hill,65,West Rachel- NV,641000,18/02/2025,beach,1,True
1654,Jennifer butler,43,Michaelmouth- OK,584000,2022-04-12,adventure,2,True
1677,ERIN YOUNG,73,"Hansenshire, SD",373000,2024-09-03,beach,3,True
1517,Corey roach,28,South Michellefurt- GU,410000,2024-02-15,nature,0,True
1895,Stephanie thompson,51,Amymouth- MA,216000,2025-02-14,adventure,0,True
1826,alexis jones,37,"Lauraborough, AS",427000,2023-05-02,beach,3,True
1135,Steven gomez,52,Port Lori- MP,406000,24/10/2021,nature,2,True
1848,LAURA ROBERTS,38,East Elizabethtown- MH,730000,"Jun 07, 2024",adventure,1,True
1870,DEREK KLEIN,56,"Port Shawnside, TN",431000,"Nov 22, 2021",beach,2,True
1160,aaron clark,46,South Justinmouth- MN,171000,"Oct 24, 2022",luxury,3,True
1686,Randy bender,24,East Anthony- NV,691000,25/01/2022,beach,0,True
1598,Juan robles,42,"Jenkinsview, NC",613000,"Jun 11, 2022",adventure,1,True
1577,sara king,49,"Whitetown, ID",407000,19/07/2024,nature,2,True
1911,dawn campbell,63,North Josephville- AZ,802000,03/11/2023,beach,2,True
1673,CHRISTOPHER PARKER,21,Lake Rebecca- TX,737000,"Oct 09, 2023",beach,2,False
1898,mary mcneil,22,"New Ronald, KY",603000,2023-09-20,beach,3,True
1710,Jeffrey carey,24,East Kevinfurt- NJ,179000,18/10/2024,luxury,1,True
1121,miguel elliott,80,Petersonmouth- AL,346000,12/06/2024,nature,1,True
1737,JEFFREY SNYDER,45,Cookhaven- OK,498000,"Apr 23, 2024",budget,2,False
1187,Karla scott,44,"Brownport, HI",166000,"Aug 31, 2022",luxury,0,True
1016,Daniel fields,63,Sarahstad- NM,137000,13/10/2021,beach,0,True
1301,Dawn stewart,26,"East Bryanview, KS",413000,2023-01-08,beach,1,True
1459,Natalie wong,76,Port Michael- NE,707000,"Jun 07, 2022",adventure,1,True
1623,JOHN LONG,73,"New Benjaminside, TX",359000,2022-09-23,nature,0,True
1651,Kelly rodriguez,55,Tammystad- TN,827000,"Nov 20, 2022",budget,3,False
1709,kathleen nelson,47,"Zhangshire, IA",373000,01/07/2023,beach,2,True
1106,shelby snow,31,"Hornetown, NE",429000,2025-03-27,beach,2,True
1457,LISA BAILEY,unknown,South Robert- MD,103000,"Aug 05, 2022",nature,1,True
1023,robert pham,33,Port Alisha- AK,479000,2023-06-13,luxury,0,True
1836,WENDY MCDANIEL,26,Port Carolfort- MT,671000,2023-07-15,cultural,1,True
1069,Shane villanueva,61,North Vanessa- DE,176000,2022-12-31,luxury,1,False
1426,ryan weber,unknown,"Brianchester, LA",132000,14/12/2021,cultural,1,True
1493,MARY WADE,43,Port Jessica- NM,260000,07/01/2025,nature,2,True
1311,cindy nelson dvm,34,Smithberg- PR,554000,2024-08-31,nature,2,True
1815,David maxwell,19,Nicholasshire- MS,522000,02/12/2022,cultural,3,True
1980,CHRISTOPHER BAUER,80,Lake Heather- IN,186000,"May 30, 2023",adventure,1,True
1388,diamond houston,74,"Howardborough, NV",897000,12/11/2022,adventure,2,True
1368,Jerry carter,28,Hollyborough- MO,571000,"Oct 01, 2023",beach,2,False
1878,Sara johnson,28,Jeffreymouth- ME,898000,08/11/2024,luxury,3,False
1074,JOHN HARRIS,,"Flowershaven, AK",350000,2024-06-15,beach,0,True
1218,Jason rodriguez,29,"South Luisberg, NC",450000,"Nov 02, 2024",nature,0,True
1530,angela walton,38,Lake Brittney- ND,598000,08/01/2025,beach,1,True
1265,Curtis rivera,25,New Rebecca- HI,227000,13/04/2025,beach,2,True
1622,Jamie mann,32,Amymouth- IL,749000,2021-09-10,adventure,3,True
1110,TIMOTHY VANCE,57,"Lake Evanshire, NC",610000,30/06/2023,budget,1,True
1408,john navarro,51,"Dawnport, HI",744000,"Nov 01, 2024",luxury,0,True
1985,melanie price,41,"Port Maryview, WA",391000,07/01/2024,beach,2,True
1688,MICHELLE BALLARD,35,Wallsstad- ID,528000,"Nov 16, 2024",budget,0,True
1185,MIGUEL MONTGOMERY,54,Rebeccastad- SD,649000,"Aug 15, 2022",budget,1,True
1286,Holly cox,53,West Keithshire- RI,810000,11/11/2024,adventure,2,True
1587,EMILY JONES,77,Jeremyview- MN,710000,"Jun 22, 2025",budget,3,True
1366,Mitchell lara,35,Paulaburgh- AL,362000,2022-08-07,luxury,0,False
1452,LAURA JACKSON,unknown,Jenniferbury- AZ,177000,12/06/2024,cultural,2,True
1708,STEVEN BARNES,52,New Jose- NH,170000,2023-03-22,nature,0,True
1061,joseph nguyen,55,"Schultzland, VI",486000,16/12/2021,luxury,1,True
1971,CAITLIN BOWMAN,27,"Jessicaland, MH",838000,2021-10-12,nature,3,True
1664,katherine carter,44,"Lorettamouth, VI",713000,"May 01, 2022",beach,0,True
1439,ANDREA MILLER,58,"Hansenside, ND",196000,2024-09-28,beach,1,True
1675,JOSEPH CARTER,71,West Carmen- NY,864000,2025-04-04,beach,3,True
1997,Gina nguyen,28,"Port Steven, PA",430000,19/03/2024,adventure,2,True
1809,Mr. jose gibson,43,Port Kimberly- WA,209000,2025-02-16,adventure,3,False
1742,Amy taylor,23,"Tammyshire, DE",131000,2024-09-18,nature,0,True
1838,pamela baldwin,20,Smithville- AR,508000,2023-02-25,beach,1,False
1307,THOMAS COOPER,19,Smithport- AK,809000,27/12/2023,luxury,0,True
1850,BRITTANY GREEN,75,"Port Kathryn, ND",155000,"Aug 29, 2024",cultural,1,True
1134,Manuel newman,78,Brightland- AS,284000,2021-07-11,nature,1,True
1592,TERESA ALEXANDER,68,Eduardoview- IL,789000,"Apr 24, 2024",beach,2,True
1769,GARY DENNIS,24,Dickersonfort- AK,560000,"Apr 25, 2024",beach,2,True
1718,nancy stanley,80,West Hannah- SC,509000,21/03/2024,nature,1,True
1057,marcus schneider,unknown,Jamiestad- DC,151000,2025-03-17,nature,1,True
1674,COLLEEN HOLMES,80,"North Terrifurt, AL",608000,2023-01-10,adventure,3,True
1672,linda williams,31,Willieberg- RI,581000,08/06/2022,luxury,0,True
1757,kelsey gamble,53,West Ashley- OH,190000,"Jan 07, 2022",cultural,1,False
1965,Gary thomas,59,Michaeltown- FL,250000,06/04/2024,budget,0,True
1318,Mrs. chelsea richardson,66,"Taylormouth, WV",416000,2024-07-25,beach,3,True
1291,anita roberts,75,Fryeberg- NJ,634000,2023-10-18,adventure,1,True
1046,RYAN NELSON,80,"Port Cherylport, OK",843000,2023-11-28,nature,3,True
1277,BARBARA HUFF,,South Danielstad- WI,675000,2025-04-26,beach,0,True
1846,JILL CHARLES,50,Port Jessicafort- MT,770000,05/05/2022,cultural,1,True
1931,YOLANDA MURPHY,44,West Nicholas- SD,734000,2023-12-13,cultural,0,True
1224,jose hartman,30,"Ashleebury, MH",727000,"Aug 17, 2022",beach,2,True
1535,BRANDI POTTER,65,"Gallowayhaven, NJ",381000,19/02/2022,nature,1,True
1280,Ashley patton,67,"Jenniferberg, DC",150000,"Mar 06, 2025",nature,3,True
1000,Anna williamson,56,"Lake Tonyamouth, NC",746000,05/11/2024,adventure,0,False
1449,Laurie mathews,60,Welchside- VI,357000,14/02/2022,cultural,3,True
1761,HAYDEN CONNER,77,"Port Geraldburgh, MH",707000,17/08/2024,budget,2,True
1839,Janet johnson,-3,"Donaldsonville, NH",896000,2023-07-22,nature,3,True
1066,John powell,35,Murphymouth- MS,620000,2024-11-04,adventure,1,False
1772,ROBIN MILLER,61,North Denise- SC,552000,"Feb 03, 2023",beach,1,False
1435,Alex davies,63,"Michellechester, OH",208000,"Feb 22, 2024",beach,3,True
1339,MARK TOWNSEND,59,Bowersshire- TX,268000,25/06/2022,luxury,0,True
1576,michael bell,77,Port Matthewbury- OK,893000,2023-04-25,nature,3,True
1552,Nicholas wagner md,72,"Ortizfurt, AS",319000,17/02/2025,nature,1,True
1294,Jacqueline banks,47,Dillonmouth- MS,128000,"May 23, 2023",adventure,2,True
1538,Kimberly smith,27,Port Ronaldside- AZ,281000,29/09/2021,beach,1,False
1748,EVAN CRANE,21,Lake Julia- FL,435000,2022-02-07,adventure,2,False
1245,Michael henderson,31,"Brownington, UT",256000,"Sep 15, 2023",nature,1,True
1257,Kelsey kirby,23,"South Elizabethshire, NY",703000,09/01/2022,adventure,0,True
1161,TYLER ALVAREZ,60,Quinnberg- AZ,108000,2023-04-07,beach,2,True
1893,MATTHEW MURRAY,57,"Lake Taylor, NE",514000,25/04/2024,adventure,1,True
1639,LINDSEY JONES,18,Port Michelleland- IN,400000,"Mar 23, 2025",cultural,2,True
1525,MR. NICHOLAS WATSON,41,"Trevorhaven, GU",540000,25/11/2023,luxury,3,True
1467,Sara hughes,54,"West Gregoryborough, FL",457000,2022-06-14,luxury,0,True
1860,john small,41,Campbellfurt- WI,836000,2025-02-15,beach,2,False
1647,ANGELA MOORE MD,40,Roberthaven- NJ,348000,"Sep 16, 2023",beach,2,True
1247,Mary stewart,25,"Port Karen, CT",513000,30/06/2024,luxury,2,False
1546,Kyle wright,24,North Vicki- NE,458000,10/11/2022,beach,2,True
1239,Brittany huang,66,"East Ryan, MA",856000,2023-09-04,budget,1,True
1220,james ramirez,60,Ericchester- VA,843000,2022-12-12,beach,1,False
1834,Ryan hamilton,34,East Stevenburgh- UT,118000,2024-09-24,cultural,1,False
1092,SCOTT NEWMAN,42,Kennethport- NY,383000,11/05/2023,beach,0,True
1114,KRISTINA HOFFMAN,18,East John- NY,536000,22/01/2025,adventure,2,True
1541,SCOTT MORENO,32,Ruizburgh- ID,474000,27/11/2022,beach,2,True
1984,Haley martin,76,Kinghaven- WY,888000,2023-11-23,luxury,3,True
1076,Brian bailey,18,"Lake Angela, MI",804000,28/06/2023,nature,1,True
1986,veronica kelly,64,New Alyssachester- LA,378000,"Dec 07, 2024",luxury,3,True
1837,Yvonne ortiz,25,"North Michael, AK",288000,2022-12-14,beach,2,True
1913,SHAWN GREENE,20,Port William- AR,814000,14/02/2024,budget,3,True
1132,PHILLIP INGRAM,unknown,East Stephanie- PW,533000,"Mar 30, 2025",cultural,3,True
1527,Amy ferrell,29,"Lake Ryanland, MO",868000,"May 07, 2023",beach,2,True
1791,KEVIN WILSON,48,"Ballview, WV",518000,"Feb 06, 2024",nature,1,True
1058,Daniel hanson,42,"Markville, NV",212000,13/06/2024,adventure,3,True
1289,yolanda flores,56,Whiteside- TN,685000,"Jun 14, 2023",budget,1,False
1246,JESSICA WEST,-3,Ashleyside- PA,780000,"Jun 03, 2022",adventure,0,True
1370,NATHAN JOHNSON,31,Reyeschester- AZ,715000,08/01/2022,luxury,1,True
1876,ALICIA WHITE,-3,"Holtbury, MI",821000,"Apr 29, 2024",cultural,2,True
1040,JUSTIN MITCHELL,54,"Simpsonburgh, AL",486000,21/03/2024,beach,1,True
1089,Nicole hardin,71,Michaeltown- ME,443000,28/09/2024,cultural,2,True
1192,KAYLEE HERNANDEZ,32,Port Benjaminfurt- NJ,648000,"Oct 16, 2023",beach,2,True
1430,cody johnston,,"West Anthony, LA",210000,2021-07-12,nature,3,False
1068,lori daniel,59,North Danielstad- ME,189000,"Mar 08, 2025",beach,1,True
1741,benjamin wade,36,"Lake Sandraville, NE",768000,01/04/2023,budget,1,True
1543,robert harper,-3,"Lake Robertview, GA",744000,14/04/2024,adventure,3,True
1139,tyler mathews,36,South Dustin- GA,389000,27/05/2023,luxury,2,True
1395,Dakota torres,40,North Charles- ID,594000,"Apr 05, 2024",adventure,1,False
1969,james stephenson,38,"Mullinsside, SD",345000,24/06/2022,beach,0,True
1118,Dr. kyle perez jr.,64,Frankbury- TN,485000,2024-07-14,beach,3,True
1658,Peter jones,71,"Jesseside, HI",289000,08/04/2025,beach,1,True
1927,Steve charles,65,Sandramouth- PR,390000,21/11/2021,luxury,2,False
1796,Larry gomez,unknown,Port Laura- PR,807000,"Sep 11, 2021",adventure,0,True
1350,jessica monroe,78,Millerstad- DC,217000,26/05/2024,beach,2,False
1734,cheryl phillips,19,Johnsonville- MO,678000,2022-11-07,beach,1,True
1879,MEGAN ROCHA,55,East Russellfort- WI,466000,2024-03-05,nature,0,True
1554,brenda colon,36,New Kyleport- SC,839000,"Feb 27, 2023",luxury,2,True
1385,Gabrielle dennis,71,"Stephanieland, TN",620000,2025-06-22,beach,3,True
1936,FRANK MCDONALD,43,Monicamouth- AL,106000,2021-09-03,nature,1,True
1608,JOSEPH RODRIGUEZ,25,"New Barbarafort, DE",522000,31/12/2022,beach,2,True
1014,RHONDA BALL,32,Danielleview- OR,309000,"Sep 07, 2023",budget,0,True
1375,Ashley rodriguez,22,Olsonport- NJ,346000,2023-03-17,cultural,0,True
1082,MRS. DEANNA PINEDA,24,West Matthewfurt- DE,114000,"May 13, 2025",nature,0,True
1597,MARY MCPHERSON,76,"Mendozaton, ID",192000,"Oct 08, 2023",adventure,2,True
1702,MICHAEL WILLIAMS,76,"West Rebeccaborough, UT",534000,13/06/2025,nature,3,False
1779,BRIANA GARCIA,22,North Dustinhaven- MT,617000,"Mar 31, 2025",beach,1,True
1756,BRAD HOOPER,37,Sarahfort- UT,436000,2022-04-05,nature,3,True
1088,BETH POWELL,24,"Travisfort, CT",220000,2023-01-08,beach,2,True
1363,Kathryn martinez,69,Lake Kristinahaven- AZ,402000,"Oct 25, 2021",nature,1,True
1273,Thomas miller,78,"Port Cherylshire, IA",113000,2022-02-22,budget,0,True
1652,Alexa martin,41,"Port Suzanne, NJ",217000,"Jan 21, 2025",beach,1,True
1172,Barry garcia,75,Johnsonmouth- FL,355000,"Jun 12, 2025",adventure,2,False
1559,DEANNA FAULKNER,76,Dawnbury- MA,561000,2024-03-18,nature,1,True
1103,Allison whitney,37,"East Jilliantown, AS",154000,2025-06-13,adventure,0,True
1759,Samuel schneider,55,"South Robertton, OK",517000,2023-11-08,adventure,3,True
1671,richard martin md,67,"Johnsonland, WA",582000,2021-08-15,luxury,2,True
1371,anthony sanchez,24,Jamestown- DC,398000,15/10/2023,nature,3,True
1045,Wesley andrews,65,Millerbury- VT,861000,"Sep 20, 2021",cultural,3,True
1428,jordan myers,30,"Stevenfort, MT",309000,"Nov 16, 2022",cultural,3,True
1453,MATHEW WELLS,57,Lake Amandachester- WY,541000,2022-04-11,adventure,1,True
1521,linda duncan,21,Port Kristen- MH,109000,21/12/2021,adventure,1,True
1823,brian harris,23,New Brian- WY,880000,2024-03-11,nature,0,False
1730,BRIAN MILLER,74,Loriton- CA,869000,2023-01-05,beach,2,False
1011,sydney smith,43,"Carloston, IN",299000,2024-09-12,cultural,0,True
1214,Kyle williams,53,"Lake Alexanderborough, NH",611000,09/04/2025,adventure,2,True
1344,Kendra morgan,60,"Harrisburgh, IL",789000,2023-11-06,adventure,0,False
1705,SCOTT PEREZ,41,Morganton- RI,247000,"Feb 07, 2025",cultural,2,True
1725,matthew davis,,Port Richardmouth- ND,755000,"Sep 18, 2022",luxury,3,True
1147,christina gutierrez,-3,"Brandtfurt, TN",532000,"Apr 11, 2024",luxury,2,False
1299,LISA ALEXANDER,54,"New Andreafort, UT",600000,28/01/2023,nature,3,True
1283,JOANN BRYANT,56,"New Susan, NC",290000,"Apr 27, 2022",cultural,0,True
1750,olivia olson,23,"Jonesmouth, MH",127000,2021-09-05,adventure,1,True
1412,sherry moore,74,Heathershire- NH,176000,05/07/2024,nature,1,True
1634,DENNIS BROWN,56,"North Emilymouth, AS",859000,"Apr 03, 2023",nature,0,False
1800,BRANDON GOODWIN,30,North Cody- ME,295000,"Mar 18, 2023",adventure,0,True
1746,Beverly harris,69,"North Michael, MN",519000,"Apr 22, 2023",cultural,2,True
1891,Stephanie shea,58,"Matastad, OH",505000,2024-04-16,adventure,1,True
1740,matthew jones,31,Estradaton- NE,224000,2022-12-14,nature,1,False
1173,Ms. chelsea brown dds,52,"East David, IA",900000,30/10/2021,beach,0,True
1916,joshua ortiz,75,New Sarahfurt- OK,279000,2021-07-06,nature,3,True
1567,Christopher davis,unknown,South Veronica- NJ,591000,"Nov 24, 2021",cultural,0,True
1226,Kimberly martin,22,Lake Hannah- OR,200000,16/07/2021,cultural,2,True
1305,michael willis,57,Port Eddie- TX,152000,2022-11-02,nature,3,False
1031,DYLAN STEVENS,50,"Lake Jeremiah, NE",216000,2024-04-12,budget,0,True
1523,Paul moore,29,South Denise- SD,136000,"Jan 08, 2023",cultural,0,True
1958,Melissa wallace,43,"Adamview, LA",163000,"Oct 27, 2022",luxury,0,True
1600,kevin gutierrez,50,Carterbury- CO,144000,2023-01-04,budget,1,True
1285,Paul harris,70,"Port Christopherview, PA",357000,"Oct 07, 2021",beach,1,True
1479,CURTIS JOHNSON,45,"Brianshire, MA",267000,2021-07-04,adventure,0,False
1625,cameron cisneros,26,Emilyburgh- MN,385000,28/10/2023,cultural,1,False
1918,alicia phillips,37,Rossfort- AZ,375000,"May 18, 2022",beach,1,True
1933,Laurie nguyen,32,"Calebport, WA",548000,2025-03-19,luxury,0,True
1116,sharon williams,59,South Lorraine- MO,623000,"Mar 19, 2024",nature,0,True
1949,deanna gilbert,70,Wilsonchester- GU,268000,"Aug 21, 2021",adventure,2,False
1629,samuel walton,65,Wilsonburgh- NY,668000,28/01/2025,beach,2,True
1361,LISA LONG,51,"Jacksonchester, NY",175000,"Aug 15, 2021",adventure,3,True
1095,kimberly ellis,43,"South Lisaport, LA",237000,2025-02-21,beach,1,True
1261,Zachary singleton,73,Hartchester- NM,326000,2022-08-24,adventure,1,True
1640,Cody fisher,74,Jennifermouth- DE,163000,2023-03-30,adventure,2,True
1507,LAWRENCE ROBLES,65,Sandersville- MT,372000,"Jan 18, 2023",beach,1,True
1579,Kathy lewis,49,West William- HI,898000,2022-06-12,budget,2,False
1509,david lindsey,33,Lake Tinatown- GU,764000,2024-04-09,adventure,0,True
1102,amanda brown,70,"East Adam, NV",832000,12/10/2024,adventure,0,False
1062,JACKIE DIXON,42,Taylortown- RI,436000,09/09/2024,adventure,3,True
1204,PHILLIP LI,74,"Smithberg, AZ",477000,"Mar 07, 2023",adventure,0,True
1483,lindsay baker,52,East Marcshire- VT,720000,01/12/2024,nature,3,False
1691,Carla parker,22,"East Michael, LA",480000,02/09/2023,luxury,3,False
1184,benjamin medina,79,"South Loretta, DC",807000,24/12/2022,cultural,0,True
1683,CHRISTINE FOSTER,21,Port Jeffreyview- VI,713000,"Feb 28, 2024",luxury,2,False
1924,stephen castaneda,51,"Clarkfurt, MS",755000,"Jul 31, 2022",nature,1,True
1091,JEFFREY BROWN,38,South Johnport- HI,897000,2022-10-21,cultural,1,True
1947,Erica cooper,23,"South Philipmouth, ID",385000,23/08/2021,nature,2,False
1713,andrew brown,24,"Pittmanchester, MP",138000,2024-02-07,luxury,2,False
1776,Dr. kristen james md,29,"Nicholasbury, NC",435000,2022-05-20,budget,0,True
1901,sharon herrera,48,"Andersonfort, MI",517000,2025-04-21,nature,3,True
1735,kimberly harper,51,"Lisaside, ME",791000,2023-09-25,beach,0,True
1411,LISA LEWIS,39,"Spencermouth, FL",420000,2024-10-11,nature,0,True
1346,lori ford,40,"Port Christopher, VI",325000,07/07/2021,cultural,3,True
1582,ZACHARY JACKSON,68,Hernandezberg- MN,792000,09/01/2023,beach,2,True
1819,ronald cooper,38,Aliciaton- MP,558000,2023-06-14,luxury,0,True
1029,laurie brown,28,West Tyler- MI,758000,09/04/2024,adventure,1,True
1054,BETTY VELASQUEZ,80,Allenmouth- OK,310000,22/05/2022,beach,2,True
1495,carl shelton,71,"Washingtonton, OK",521000,04/09/2024,budget,3,True
1039,Abigail hunter,38,"Port Jacqueline, PW",221000,"Jun 24, 2022",nature,1,True
1157,Maureen lucas,77,"East Jason, ID",560000,2024-11-10,adventure,3,True
1798,Lisa snyder,52,Phillipston- CT,509000,27/08/2023,luxury,3,False
1146,lisa west,55,"Adkinsview, FL",128000,"Nov 09, 2024",adventure,3,True
1221,DENISE SANFORD,60,"South Evelynfort, IN",761000,2024-01-19,adventure,3,True
1940,Diane dudley,25,"Jamesmouth, HI",301000,"Nov 14, 2024",luxury,3,True
1944,ELIJAH WARNER,63,East Jessica- CT,411000,2024-08-12,cultural,3,True
1607,Shannon tucker,22,New Danielchester- PA,335000,2022-12-03,budget,3,True
1765,Thomas maynard,72,New Brianmouth- AS,739000,"Nov 27, 2024",nature,0,True
1394,Jennifer lucero,34,"Nolanland, OR",354000,"Aug 12, 2022",adventure,0,True
1052,Bradley williams,47,"South Maria, WV",744000,"Apr 16, 2022",beach,3,True
1952,KELLY FRANKLIN,23,Careyburgh- CA,580000,"Jul 23, 2023",beach,2,True
1571,AMBER JOHNSON,36,"New Markview, KY",190000,19/01/2022,adventure,0,True
1359,CHRISTINE POWELL,48,"Port Kimberly, TN",478000,2022-08-27,cultural,3,False
1512,robert warren,21,"Wilsonbury, CO",298000,01/02/2024,budget,3,True
1402,John moses,27,Patriciaville- TX,658000,2022-02-08,adventure,1,False
1867,Katie simpson,43,Lake Amy- IA,352000,2023-07-18,budget,1,True
1421,Matthew smith,71,New Dianeburgh- IL,747000,06/10/2021,beach,3,True
1448,THOMAS HARRIS,41,Milesside- GU,230000,2022-04-07,luxury,1,False
1165,Claudia turner,56,Fordville- GU,839000,29/11/2023,adventure,3,True
1284,anthony adams,27,"Cartershire, NC",744000,"Oct 21, 2024",nature,3,True
1080,MELISSA BYRD,48,West Stephanietown- AR,775000,2022-07-14,adventure,1,True
1227,tracy flores,56,West Julia- HI,185000,"Sep 20, 2022",nature,2,True
1447,ian davis,18,North Virginia- LA,777000,2024-12-09,cultural,1,False
1353,peter stark,43,"Mcdowelltown, WA",601000,08/06/2025,nature,0,True
1310,nicole washington,61,Jamesview- DC,743000,20/09/2023,beach,1,True
1842,nancy hunter,65,Port Kelly- PA,780000,05/09/2022,luxury,3,True
1259,carlos davis,39,"East John, CT",436000,15/03/2023,beach,3,True
1323,Mark sanchez,29,Lake Bryan- GU,437000,10/11/2022,nature,1,True
1009,Christopher wagner,33,Port Alyssa- NJ,585000,2021-08-08,nature,2,True
1684,CHRISTOPHER BRYANT,30,"Lake Michaelfurt, SD",537000,2025-04-23,beach,2,True
1961,Christopher thompson,43,"Port Rachelchester, MD",238000,"Jul 17, 2022",beach,1,False
1030,audrey coleman,62,South Stephanie- VI,771000,23/03/2024,luxury,1,True
1794,annette williams,,"North Anthony, CT",487000,"Feb 16, 2023",beach,3,True
1179,joy williams,22,Davidton- ME,305000,2024-02-04,beach,2,True
1027,Amber schultz,43,Jenniferview- OH,767000,02/12/2024,nature,0,True
1033,sean mcclure,58,"North Beverlybury, GU",839000,"Aug 31, 2021",beach,1,True
1334,jennifer mccarthy,42,West Michaelhaven- MD,662000,"Aug 25, 2023",luxury,1,True
1787,DANIELLE COPELAND,57,South Joseph- AZ,834000,2022-02-05,budget,1,True
1964,Keith johnson,31,Randolphfort- MD,319000,2023-03-11,luxury,2,True
1197,Jonathon brown,23,"East Lisaside, PW",377000,06/06/2023,cultural,2,True
1795,Daniel adams,60,Rubenburgh- VT,344000,"Mar 24, 2023",beach,2,True
1392,heather obrien,49,Eatontown- MH,351000,01/06/2023,nature,1,True
1868,Kyle barnes,unknown,Lake Zacharyland- GA,150000,12/12/2024,adventure,0,True
1899,JENNIFER SWANSON,36,South Alexandermouth- SD,623000,"Aug 28, 2022",nature,1,True
1636,EMILY WHEELER,,"Powellside, WA",678000,25/06/2022,nature,0,True
1537,Cathy hicks,40,"North Shannonstad, AK",824000,19/09/2023,nature,3,False
1510,Darren jones,34,"South Elizabethbury, NH",174000,09/03/2022,nature,2,True
1122,Jessica hill,77,"Kevinshire, NJ",173000,"Jan 28, 2024",luxury,1,True
1378,ANTHONY VAZQUEZ,60,"Rodriguezstad, MO",177000,23/02/2022,beach,1,True
1038,thomas ayala,36,Solishaven- DE,606000,2022-03-17,beach,1,True
1551,Leonard davis,57,Wilsonfort- IN,869000,2025-01-29,luxury,3,True
1528,MONICA MUNOZ,58,"Marymouth, KS",779000,13/07/2023,adventure,1,True
1162,NATALIE OCHOA,28,"Whitetown, PA",149000,"Jan 27, 2022",beach,0,True
1067,jessica diaz,37,North Michaelmouth- TN,255000,2022-12-25,budget,0,True
1124,Richard atkinson,34,New Suzanneton- IL,531000,02/04/2022,luxury,1,True
1004,ADAM DIXON,22,"Caseyshire, IN",124000,04/08/2021,adventure,1,True
1699,joshua martin,25,"Alexanderfort, HI",774000,2023-09-21,beach,3,True
1764,danielle willis,79,Jamesberg- TX,456000,"May 19, 2024",luxury,1,True
1427,NICOLE FLOYD,50,"Kimberlyside, TX",155000,2022-11-02,cultural,1,True
1919,Erin hall,50,Manningside- MT,413000,01/03/2025,beach,3,False
1755,Kimberly lewis,67,"Williamville, MH",855000,14/12/2023,luxury,1,True
1506,Melissa mcpherson,76,"Billyside, VA",877000,"Nov 25, 2022",luxury,1,True
1912,JACOB ALVARADO,70,East Joseph- MI,654000,30/03/2022,budget,1,True
1399,ROBERT RILEY,41,"Saraborough, DC",720000,2024-10-13,budget,1,True
1950,Lisa ashley,unknown,"South Mark, KS",735000,01/12/2023,cultural,0,True
1352,jordan camacho phd,42,North Zachary- KS,264000,11/07/2023,cultural,2,True
1844,Kendra andrews,32,"New Amandamouth, NH",505000,"Mar 11, 2023",beach,3,False
1704,ERIC BOWMAN,32,Montgomeryview- FM,233000,2023-08-01,adventure,1,True
1260,BRANDI LOPEZ,49,Jenniferland- KS,344000,"Sep 21, 2023",beach,3,True
1333,jennifer evans,52,"Port Stevenside, CO",873000,22/10/2021,beach,3,False
1153,DENISE JONES,65,"East Christopherburgh, ID",590000,2021-10-12,beach,1,True
1396,REBECCA MURPHY,52,"Strongmouth, VA",392000,18/07/2024,adventure,3,True
1501,Kevin paul,59,Port Kristenstad- TN,400000,"Aug 24, 2022",nature,3,True
1373,Charles woods,33,East Kimberly- NC,891000,"Jul 01, 2021",budget,1,True
1312,PETER HART,26,Johnfort- NM,692000,2021-08-06,cultural,3,True
1042,kristie crawford,24,South Nicholas- DE,444000,"Jul 04, 2022",nature,2,True
1763,JENNIFER PETERSON,80,"Russellville, NC",601000,2023-04-04,budget,3,True
1522,JAMES BURGESS,44,Schmidtshire- CT,434000,13/08/2023,luxury,1,True
1902,Tammie taylor,73,Morrisonmouth- NM,890000,28/11/2023,luxury,3,True
1851,MELISSA CLARK,79,"East Rebecca, NV",793000,2022-02-07,beach,3,True
1807,Jason stewart,44,Vangfort- NH,898000,2023-05-07,budget,2,True
1727,STEVE NELSON,19,West Sean- UT,380000,"Jan 15, 2023",beach,1,True
1841,mary bowers,67,"Allenton, AL",716000,2024-10-01,cultural,0,True
1650,Amanda juarez,46,Millerberg- RI,589000,"Jun 26, 2023",beach,2,True
1797,LISA LUNA,60,"Harrisonport, WV",555000,"May 07, 2024",nature,2,False
1773,TIMOTHY BRYANT,47,"Davisfort, WV",228000,2022-01-04,beach,2,True
1887,sarah dougherty,20,"Lake Joseph, DE",393000,"Aug 29, 2022",luxury,2,True
1445,rodney adams,61,West Kyle- IL,345000,"Aug 11, 2021",beach,1,True
1272,Marcus smith,30,"Millerside, VI",374000,2022-04-02,nature,2,True
1882,rhonda garza,38,"Robertstad, MD",638000,"Sep 20, 2023",adventure,2,False
1519,TODD FRAZIER,33,"Shannonside, CO",203000,2024-05-14,adventure,0,True
1377,benjamin crosby,50,Lake Erika- MS,165000,"Jun 12, 2023",adventure,0,True
1498,Dr. austin cunningham md,36,"Colleenbury, GA",481000,"Jul 06, 2022",adventure,2,True
1932,Marissa reid,79,Mejiafurt- CT,235000,"Dec 08, 2024",adventure,0,True
1825,evan kelley,69,"Lake Ryan, VA",758000,2022-11-24,beach,1,True
1632,JAMES WILLIAMS,78,Port Brendahaven- NM,686000,2022-04-15,cultural,1,False
1097,ryan koch,,"Michaelmouth, CT",260000,2022-03-18,adventure,0,True
1128,Natalie whitehead,56,Port Coletown- WA,220000,2023-03-29,cultural,2,True
1544,christopher brown,25,Danieltown- PW,133000,"Oct 02, 2021",luxury,1,True
1379,ROBERT HUBBARD,43,Houstonport- RI,846000,"Sep 18, 2023",adventure,3,False
1203,Donald ford,70,Joyland- NC,810000,23/11/2023,luxury,2,True
1343,AUSTIN ROGERS,,"Jeremystad, NM",809000,21/09/2023,beach,1,True
1733,HANNAH JOHNSON,41,"Williamstown, RI",640000,2023-05-06,adventure,3,True
1866,Theresa gutierrez,76,Harrismouth- NE,136000,2022-01-25,nature,2,False
1518,Kiara campbell dds,24,"Olsonview, PW",550000,2022-02-27,beach,2,True
1784,Blake oneill,21,North Amyberg- WY,156000,24/04/2022,cultural,3,True
1488,Grace dixon,,"Nealton, OK",304000,09/02/2025,beach,2,True
1237,Kevin phillips,74,"East Alexandra, OR",870000,2023-08-16,luxury,0,False
1549,bruce hill,58,Emilyborough- NY,616000,2023-03-23,adventure,1,True
1400,ryan chapman,58,"South Michaelmouth, NE",258000,19/10/2021,budget,3,True
1570,Raymond parker,66,Port Rogermouth- AZ,863000,2024-07-15,adventure,2,True
1232,NANCY STEWART,76,"South Jennifer, AL",196000,2025-02-10,beach,2,True
1442,rebecca price,26,"North Amandastad, KS",447000,2021-07-10,nature,3,False
1098,samuel smith,27,"North Kevin, FL",264000,"Jan 03, 2024",adventure,1,True
1880,diane walker,unknown,Mcculloughton- LA,466000,31/05/2024,adventure,0,True
1983,DEANNA WATSON,50,"Sherriberg, NY",648000,2022-09-14,luxury,0,True
1511,Eric mendez,73,"North Annaland, AR",383000,"Jun 23, 2025",luxury,3,True
1698,LORI MCBRIDE,67,Burkefurt- RI,836000,"Apr 06, 2024",cultural,3,True
1217,shawn peterson,60,"West Deniseland, OK",669000,"Nov 17, 2024",adventure,1,True
1360,MEGAN NGUYEN,48,"East Gregoryland, VI",819000,2022-08-07,budget,0,True
1558,Rachel phillips,39,South Tyler- PA,479000,2022-03-11,cultural,2,False
1743,JULIE JOHNSON,70,"South Tylerville, NY",751000,11/03/2023,beach,2,True
1963,MICHAEL MORGAN,20,"East Hannah, UT",119000,"Oct 12, 2024",cultural,3,True
1225,Ronald myers,41,East Victoriaberg- MI,596000,25/03/2023,cultural,1,False
1018,Fernando henry,,"Lake Jessicamouth, PA",262000,2023-12-10,cultural,0,True
1168,CRAIG BUCHANAN,45,"East Christopherberg, MP",569000,26/01/2022,adventure,1,True
1292,Sandra bradley,65,"New Matthew, WI",194000,"Nov 12, 2021",adventure,1,False
1612,rachel johnson,49,Davidport- IL,672000,"May 15, 2024",adventure,1,True
1397,Samuel hendrix,41,New Ruben- DC,628000,22/01/2025,adventure,0,True
1540,JENNIFER MOSES,49,West Sherry- UT,625000,"Aug 28, 2024",adventure,2,True
1328,GREGORY FREEMAN,,New Stacy- NM,184000,2022-05-06,beach,0,True
1780,THOMAS CARLSON,64,Mikefurt- NE,114000,2025-04-15,beach,2,True
1631,CLINTON REYNOLDS,25,Scottberg- NY,635000,"Jun 29, 2024",adventure,1,True
1093,charles mccoy,72,North Douglasmouth- GA,309000,2022-08-19,adventure,1,True
1213,BRYAN RODGERS,51,"Leetown, ID",822000,"Nov 19, 2023",beach,2,False
1337,Victoria robertson,71,"Riverahaven, IN",145000,"Aug 04, 2022",beach,3,True
1425,JEFFREY PATEL,35,Kristenmouth- FL,415000,"Jan 18, 2025",adventure,0,True
1808,daniel young,50,"Allenbury, MD",151000,"Mar 13, 2025",budget,2,True
1115,Jessica garner,79,"Riverastad, AS",419000,2022-04-14,beach,2,True
1158,joshua miller,32,"West Heatherburgh, VI",257000,2022-11-15,beach,1,True
1994,CATHERINE MCCARTY,25,Pricemouth- MO,268000,13/12/2024,adventure,3,True
1112,cameron aguilar,42,"Port Kenneth, GA",361000,29/12/2021,nature,2,True
1036,guy barber,67,Kathyborough- WY,882000,"Oct 12, 2023",nature,1,True
1105,HEIDI RODRIGUEZ,34,New Kelly- WV,697000,2024-11-27,adventure,2,True
1362,WILLIAM LYNCH,21,Port Cristinaborough- GA,208000,"Oct 18, 2024",luxury,3,True
1365,Brittany harrell,45,"North Douglas, DE",705000,2022-07-25,budget,3,True
1441,Terrance poole,25,"South Cynthia, HI",415000,"Apr 11, 2025",cultural,0,True
1565,JOHN GARCIA,unknown,Carlshire- MP,431000,"Apr 15, 2025",beach,3,True
1351,victor lee,unknown,Port Travisberg- OH,885000,2025-01-22,cultural,1,True
1978,TODD HOLMES,50,"North Erinmouth, SD",785000,08/03/2025,cultural,1,True
1249,LUIS MUNOZ,73,"Bradleyview, GA",519000,05/11/2021,luxury,0,True
1854,keith malone,36,"Andrewschester, RI",894000,14/10/2024,adventure,1,True
1801,Dylan rivers,35,Powersstad- CT,400000,2021-12-04,beach,0,False
1406,scott maxwell,64,"Hendersonshire, PW",525000,30/05/2025,nature,2,True
1858,Danny hansen,47,"Riverashire, MP",102000,"Aug 07, 2024",beach,0,False
1164,MICHAEL OCONNOR,29,"Garciamouth, ID",348000,2025-06-12,beach,0,True
1881,Ms. crystal fernandez,65,"New Jamiefort, MA",696000,"Nov 23, 2023",adventure,1,True
1818,vanessa stephenson,64,Arnoldberg- DC,130000,"Jun 03, 2022",beach,1,True
1833,joseph brooks,21,North Kimborough- CT,385000,2022-12-27,beach,1,True
1083,william park,66,South Richard- ME,228000,13/08/2022,adventure,2,True
1703,JENNIFER RUSH,52,"East Phillip, NH",643000,2022-06-19,beach,1,False
1295,curtis foley,-3,"West Jordanmouth, PA",843000,"May 25, 2023",cultural,3,True
1070,brian graham,62,Gonzalezview- PW,255000,"Mar 22, 2024",adventure,3,True
1610,John vaughn,74,Burtonborough- KY,115000,2021-09-30,budget,0,True
1669,Anthony scott,26,"Cooperland, WA",373000,"Aug 05, 2024",cultural,3,False
1928,SARAH HARRIS,51,Shelbyside- OH,360000,"Apr 26, 2022",nature,2,True
1869,diana jones,60,"Lynchport, GA",469000,28/09/2021,adventure,2,True
1953,Katherine martin,38,Mooreport- LA,394000,2022-11-20,budget,3,True
1816,VICTOR MILLER,unknown,"West Darrell, OH",248000,10/01/2023,budget,3,True
1127,TRAVIS BUTLER,77,"West Michael, VI",177000,2024-08-03,beach,2,True
1888,sandra lopez,22,North Jasmineview- LA,859000,23/12/2021,nature,1,True
1001,MICHAEL BURKE,56,Sarachester- NV,853000,08/02/2022,adventure,0,True
1853,Edwin peterson,64,Chavezbury- NV,369000,06/06/2025,nature,0,False
1539,Melvin velazquez,48,Moniquefurt- DE,359000,18/12/2023,beach,3,True
1601,WALTER RIVAS,29,"New Jeremy, VI",456000,2021-08-31,beach,1,True
1308,Rickey mann,-3,North Wendyville- VA,597000,"Mar 17, 2024",budget,3,True
1585,Anna jordan,30,"Craigmouth, MA",649000,2022-11-11,adventure,1,True
1410,JUSTIN MURPHY,-3,Lynchborough- MN,572000,2021-07-09,beach,3,True
1171,Debra jackson,28,North Jeffrey- AR,655000,2024-01-02,luxury,2,False
1417,James wood,50,"New Brad, KY",580000,27/01/2022,budget,1,True
1768,MARGARET BOWEN,43,South Collin- OR,804000,"May 27, 2022",adventure,0,True
1692,KATHRYN MOORE,40,"Port Timothyhaven, NM",628000,10/07/2022,budget,2,True
1603,Paula lin,58,Laurastad- SD,568000,15/07/2022,nature,0,True
1460,Jessica hunter,58,North Danielborough- MN,368000,2024-04-30,nature,1,True
1871,SARAH HARMON,48,New Sharonburgh- KY,494000,25/05/2024,beach,2,False
1637,Roy vega,40,"East Danielle, NY",274000,2021-10-06,nature,1,True
1423,kristen smith,54,Lake William- MD,487000,15/07/2022,cultural,0,False
1315,stephen hebert,,"Lake Victoria, NH",372000,"Dec 21, 2023",beach,2,True
1376,MICHELE HORN,51,"Lake Melanieport, NC",688000,16/11/2024,adventure,1,True
1524,Tiffany avila,57,"West Stevenborough, MD",858000,14/11/2021,beach,3,True
1872,Ralph irwin,43,North Christopher- OH,870000,23/10/2024,adventure,3,True
1438,jennifer perry,65,"Butlerburgh, LA",882000,14/01/2024,beach,1,False
1744,kathleen gutierrez,30,New Michelle- DE,648000,15/12/2021,nature,0,False
1150,audrey snow,73,"Davidside, MP",844000,"Jan 10, 2023",beach,2,True
1242,THOMAS HART,34,Port Clifford- AZ,561000,"Apr 02, 2022",beach,3,True
1556,ZACHARY HUANG,24,Lake Mary- WV,429000,2022-12-28,beach,1,True
1824,MR. RICHARD THOMPSON,23,"North Robert, CA",358000,"Feb 02, 2022",luxury,2,False
1812,thomas abbott,69,South Brian- IL,415000,13/07/2024,nature,0,True
1409,Tracy banks,61,Morganville- TX,565000,18/09/2023,nature,2,True
1143,Melissa long,67,"Cherylport, DC",384000,"Feb 23, 2023",nature,3,True
1526,TRACEY WARREN,69,"North Johnnybury, NH",271000,02/12/2023,nature,1,True
1863,STEPHANIE WALLACE,76,West Jenniferview- MT,448000,04/12/2024,adventure,1,True
1991,patrick reyes,48,"East Nicole, FM",224000,01/10/2024,cultural,3,True
1832,Zachary herrera,73,Jamesview- WA,522000,"Jan 07, 2025",adventure,2,True
1208,dr. miranda smith,35,"West Raymond, LA",677000,2024-05-23,cultural,0,True
1440,Hannah parsons,62,Port Jamesburgh- TX,609000,29/11/2021,budget,1,True
1131,GREGORY BARNES,unknown,New Johnnymouth- UT,446000,"Aug 04, 2022",cultural,2,True
1380,bailey delgado,51,"Robertsview, ND",736000,23/10/2024,beach,0,False
1174,Kyle jimenez,63,"Jenniferbury, ME",484000,"Jul 30, 2023",cultural,1,True
1533,NATHAN MCCALL,48,"Port Emilyhaven, HI",467000,"Jun 22, 2022",luxury,3,True
1270,claudia yates,-3,Jessicaburgh- MA,111000,18/01/2023,adventure,2,True
1407,Terry walker,61,Krauseberg- SC,258000,25/06/2025,beach,2,True
1805,brenda west,62,"South Sandra, GA",406000,05/01/2024,beach,3,True
1123,SABRINA CLARK,60,Hectorberg- SD,507000,2022-07-05,adventure,3,True
1138,Mrs. crystal harvey,20,North Denisechester- DC,474000,"Aug 28, 2022",adventure,0,True
1051,RODNEY PITTS,69,Walkerhaven- OH,144000,2023-08-22,luxury,0,True
1624,elizabeth thompson,71,"Valerieberg, PR",848000,"Apr 03, 2023",beach,2,False
1275,JEFFREY WOODS MD,70,Port Calvinberg- VI,662000,2023-01-11,budget,2,True
1970,SCOTT MARTINEZ,76,South Courtney- ME,280000,"Apr 04, 2024",cultural,0,True
1342,danielle watkins,44,Timothyfurt- CO,118000,2021-11-06,beach,1,True
1256,Katherine perry,,Michaelfurt- WA,836000,"Nov 08, 2022",beach,3,True
1182,RACHEL RYAN,32,"Port Samuel, RI",255000,03/12/2021,budget,0,False
1617,BRANDON FRANKLIN,23,Alejandraport- OR,303000,"Jun 15, 2024",luxury,2,False
1300,JACOB BROWN,73,"East Michaelborough, PW",420000,2022-08-12,cultural,3,True
1690,AMANDA ORR,70,"North Jennifer, AR",179000,10/06/2022,adventure,1,True
1770,kyle ortiz,67,East Dwayne- VT,487000,2023-12-15,budget,3,True
1240,DEBORAH CUEVAS,29,South Matthew- IL,607000,17/06/2025,nature,2,True
1230,MOLLY JACKSON,-3,"Lake Kenneth, NC",507000,06/01/2024,budget,1,True
1920,RONNIE DIXON,30,"South Patricia, HI",660000,2023-10-04,adventure,1,True
1326,LAUREN BUCKLEY,32,Lake Melissa- IA,629000,"Feb 27, 2024",adventure,1,True
1458,amanda castillo,unknown,Williamtown- FL,700000,"May 08, 2023",nature,3,True
1681,Sean vazquez,62,"Huntfort, WV",724000,"Aug 23, 2023",luxury,2,True
1662,JUSTIN HERRERA,18,Williamsbury- MS,285000,"Nov 20, 2022",adventure,0,True
1507,LAWRENCE ROBLES,65,Sandersville- MT,372000,"Jan 18, 2023",beach,1,True
1465,LARRY SHARP,49,Kellyfort- NC,875000,"Jun 07, 2025",cultural,1,True
1163,JASON KRAUSE,20,"North Jessica, MS",690000,2024-02-13,beach,0,True
1167,melody wilson,24,Donaldberg- FL,531000,"Aug 27, 2021",luxury,1,False
1145,aimee tran,26,"Isaacport, WI",298000,2022-06-20,adventure,1,True
1206,Claudia green,38,Theodoreport- TN,367000,09/11/2021,budget,2,True
1500,OMAR SMITH,,"West Joybury, PR",117000,"Oct 07, 2021",adventure,0,True
1188,robert peters,69,East Dominic- CA,884000,15/01/2023,cultural,3,True
1324,Deborah roberts,45,South Amy- CT,888000,"Aug 05, 2022",luxury,1,True
1657,alexandra farrell,80,"Marthaton, RI",297000,2024-08-01,nature,2,True
1745,rhonda lin,73,"Jerryberg, MH",624000,2024-08-07,beach,2,True
1835,howard johnson,,East Jessicamouth- WA,247000,28/03/2023,adventure,0,True
1855,Scott suarez,42,"Johnton, NY",553000,"Dec 24, 2022",budget,1,True
1852,JAMES BAKER,39,Jessicatown- UT,838000,2023-02-05,nature,0,True
1900,JOSEPH PORTER,31,"South Keith, WV",644000,2022-02-03,luxury,0,True
1575,ROBERT RAMOS,43,Allisontown- VI,755000,28/04/2024,cultural,1,True
1079,Charles robles,37,Lake Kellyburgh- MA,393000,2022-01-05,adventure,2,True
1814,wendy garcia,45,"Port Justinburgh, LA",184000,2023-10-04,luxury,3,True
1687,Tina carpenter dds,79,Leeshire- IA,313000,"May 07, 2025",adventure,1,True
1452,LAURA JACKSON,unknown,Jenniferbury- AZ,177000,12/06/2024,cultural,2,True
1857,valerie martin,50,Hickmanmouth- AK,883000,2023-09-29,adventure,2,True
1229,RICHARD ROWLAND,55,"Port Ashley, TN",314000,2025-04-10,adventure,2,True
1723,VINCENT COBB,39,Georgeside- UT,820000,"Jan 31, 2025",budget,3,True
1782,william roman,48,"Karenbury, AZ",636000,03/09/2023,beach,2,True
1100,Christina reed,65,"East Natalieborough, ID",513000,"Sep 21, 2024",cultural,3,False
1290,Adrienne soto,35,"New Joshua, FM",639000,2021-10-03,luxury,0,True
1444,mario stephens,64,Bellmouth- WV,804000,"Nov 06, 2023",nature,3,False
1951,MARK REYNOLDS,unknown,New Dalton- MD,260000,10/07/2023,adventure,0,True
1053,Robert cunningham,58,Lindashire- NH,316000,03/09/2021,nature,1,True
1391,Susan cunningham,79,"East Lindsey, IA",800000,26/05/2025,adventure,0,True
1967,albert potter,51,"Meganfort, GU",147000,"Jan 22, 2022",adventure,1,False
1368,Jerry carter,28,Hollyborough- MO,571000,"Oct 01, 2023",beach,2,False
1666,LAURIE CARPENTER,39,Margaretborough- AZ,559000,"Feb 28, 2025",luxury,3,True
1251,John rose md,80,"South Jacqueline, AR",772000,07/03/2023,luxury,3,True
1499,Tammie allen,65,"West Alexandraberg, GA",358000,2024-06-23,cultural,1,True
1475,veronica lee,,"Lake Meganview, CO",447000,"Sep 29, 2023",luxury,1,True
1670,robert mosley,57,Ralphmouth- FL,516000,"May 27, 2024",cultural,2,True
1271,robert jordan,18,"Trevorhaven, OK",559000,18/11/2024,nature,1,True
1044,STEVEN GARCIA,50,West Matthew- NM,395000,"Oct 31, 2022",nature,3,True
1113,LUIS TODD,37,"Anthonymouth, NV",831000,"Oct 13, 2021",nature,3,True
1024,Rachel harris,70,East Johnmouth- NV,813000,25/01/2023,adventure,1,False
1211,CHRISTOPHER SCOTT,64,"Ramseyberg, WI",378000,"Mar 10, 2025",cultural,0,True
1620,Kayla webster,57,West Ashley- TX,276000,"May 25, 2022",nature,2,True
1169,Cory jones,40,"Melissaland, WY",258000,08/11/2023,luxury,3,True
1591,Joe vance,61,"North Jessica, PA",422000,2023-07-19,budget,1,True
1974,Jason palmer,27,South Kelli- NY,886000,"Nov 02, 2021",adventure,1,True
1596,Kevin murillo,53,"Port James, WY",623000,2023-06-04,luxury,0,True
1520,phillip davis,48,Joseshire- OK,460000,18/05/2025,budget,2,False
1032,MELISSA THOMAS,33,"South Vincentton, IN",717000,12/02/2025,budget,2,True
1611,samantha adams,37,North Michaelland- IL,245000,"Sep 30, 2022",adventure,2,True
1109,anne scott,47,Jamesborough- AR,755000,15/03/2022,adventure,2,False
1136,Joseph watson,-3,Wilsonport- PA,290000,"Aug 13, 2021",nature,2,True
1330,MONICA FRANCO,32,"Rodneystad, NE",805000,"Apr 07, 2023",beach,0,True
1222,MRS. PAMELA ROSS,unknown,Francishaven- CT,640000,"Jul 10, 2022",adventure,1,True
1028,John mitchell,57,Burnsfort- SD,608000,11/03/2023,luxury,0,True
1287,Melissa cummings,-3,Shannonfurt- GU,813000,2022-07-11,cultural,2,True
1722,James sims,26,Port Johnview- AR,754000,"Mar 01, 2024",cultural,0,True
1055,CAROL AVILA,57,East Paul- WI,400000,"Oct 27, 2023",beach,3,True
1977,JENNY RODRIGUEZ,55,East Angela- NY,627000,15/03/2025,budget,2,True
1886,donald crawford,36,Pricechester- MH,806000,27/02/2023,adventure,3,True
1906,CHRISTOPHER THOMPSON,,"Simmonsborough, UT",502000,28/03/2025,adventure,3,True
1048,WILLIAM HAYES,77,South Natalie- MD,735000,2023-06-03,beach,3,True
1909,michael stafford,22,South Kathy- KY,601000,13/12/2022,adventure,0,True
1981,Adam cortez,51,"Davidton, AK",629000,"Nov 22, 2023",adventure,3,True
1642,Elizabeth peters,53,Lisashire- PA,193000,02/08/2024,cultural,1,True
1545,mr. brandon farrell,56,"South Natalie, FL",827000,02/01/2024,cultural,0,False
1477,Gregory mccall,45,"Randyton, WV",483000,"Sep 06, 2023",adventure,2,True
1547,jason harrison,54,Gomezport- DE,648000,03/12/2021,nature,3,True
1063,gabriela henry,19,Andrewsfurt- MI,773000,05/05/2024,budget,0,True
1413,Brian petersen,26,"Timothyfurt, ID",673000,12/12/2024,nature,3,True
1384,Ronald lowe,20,Robertside- GA,120000,30/08/2023,adventure,2,False
1894,Michael mann,25,South Shelleymouth- CT,175000,"Oct 27, 2021",cultural,2,True
1322,amanda cruz,72,"North Brentstad, MA",818000,11/11/2022,nature,3,False
1451,Stephen holland,21,"Averytown, DC",456000,2024-03-01,adventure,1,True
1786,robert johnson,-3,Anthonystad- KS,462000,2024-12-20,beach,2,True
1234,BRIAN DANIEL,61,Anthonystad- AK,120000,13/07/2024,nature,3,True
1656,Kimberly walters,76,Kimberlyfurt- NV,528000,2023-04-01,adventure,1,False
1557,Chris johnson,36,Pittmanmouth- FL,402000,19/03/2024,nature,2,True
1462,GENE MEDINA,unknown,"Port Edwin, OK",636000,13/12/2022,luxury,0,True
1424,Kathleen hale,52,Port Emilyville- CT,539000,05/04/2023,cultural,1,True
1885,Alicia moses,76,North Ryan- WY,341000,2023-01-24,budget,3,True
1303,CAROL PEREZ,46,"Christinaberg, NC",674000,"Jul 04, 2022",beach,3,False
1889,JOSEPH ZUNIGA,78,"Raymondland, MI",125000,18/01/2022,nature,1,True
1689,amber nichols,55,"East Christina, NV",530000,2024-05-21,beach,1,True
1219,sean dudley,48,North Jacquelineville- TN,792000,"Mar 28, 2025",cultural,1,False
1875,TAYLOR SIMPSON,78,"West Scott, TN",406000,2021-11-24,adventure,0,True
1296,Adam berger,26,"Lake Stephanie, CO",474000,"Dec 07, 2023",budget,3,True
1021,aaron singh,78,Nancyfort- WY,355000,"Oct 16, 2023",luxury,0,True
1760,Joseph jackson,66,Frytown- WA,859000,29/01/2025,beach,3,False
1420,RYAN THOMAS,72,"Amyfurt, TX",668000,2024-01-19,luxury,3,True
1325,Taylor wallace,58,"Alexanderview, DC",556000,"May 01, 2022",luxury,2,True
1199,LISA ROMERO,36,"New Donald, NE",619000,2022-08-21,beach,1,True
1450,annette riddle,28,Bensonside- PW,132000,2024-04-25,nature,3,True
1137,michelle ross,18,Lake Kimberlyland- DC,417000,2024-04-13,cultural,2,True
1536,clayton patton,25,Debraview- MH,513000,27/08/2024,nature,3,True
1696,LISA RODRIGUEZ,50,Clarkchester- MP,458000,09/11/2024,luxury,3,True
1717,cameron cruz,54,"East Triciamouth, HI",647000,21/07/2024,beach,3,False
1646,KRISTIN BISHOP,31,"North Tony, AS",899000,2024-01-28,adventure,2,False
1628,heidi smith,52,"North Jessica, WV",399000,2023-01-29,adventure,2,False
1212,BARBARA NICHOLS,77,Port Dennismouth- UT,324000,"Dec 30, 2024",cultural,1,True
1966,Kevin garcia,23,"Lake Gregoryport, TX",579000,2025-03-11,beach,0,True
1939,Thomas pierce,36,North Lisa- NJ,434000,"Apr 21, 2023",adventure,3,False
1926,Scott richardson dds,61,"Lake Chad, MT",433000,"Aug 05, 2024",nature,0,True
1505,shelly townsend,59,"Jenkinsstad, MH",123000,"Feb 16, 2025",beach,3,True
1935,Amber houston,78,New Jenniferborough- GA,700000,"Jul 05, 2021",luxury,0,False
1231,ANTHONY GRANT,68,"Wattsfort, KS",252000,"Apr 05, 2023",luxury,0,True
1405,Michelle campbell,50,"Jenniferbury, FM",610000,2025-05-25,luxury,0,False
1729,rebecca smith,28,"New Jacqueline, GA",212000,"Apr 13, 2023",beach,3,True
1568,DAVID HERNANDEZ,38,"Santosview, NM",536000,08/03/2022,beach,1,True
1317,wayne thompson,64,"Lake Annaborough, IL",707000,"Sep 11, 2024",luxury,3,False
1183,MELVIN EVANS,52,"South Heather, AS",381000,"Aug 22, 2024",beach,0,True
1861,DAVID ANDREWS,76,"Leonardborough, CT",625000,2023-03-18,beach,2,True
1859,TIFFANY WILLIS,75,"New Davidbury, AS",170000,09/09/2022,beach,0,True
1693,Maria norris,18,"Mackenzieborough, MA",344000,24/02/2023,luxury,0,False
1609,sharon russell,37,"Port Charlesmouth, MD",411000,"May 11, 2022",beach,3,False
1626,SAMUEL LEBLANC,39,"Lisaside, WV",216000,05/06/2024,nature,2,True
1485,tracey mills,46,"Jenniferland, RI",577000,2023-06-28,beach,2,False
1278,JASON KELLY,39,"Jenniferburgh, MT",345000,2024-03-10,adventure,3,False
1630,VICTORIA CHOI,73,"Patrickport, FM",324000,2025-04-20,beach,1,True
1020,francisco jones,78,West Timothyville- AK,765000,21/12/2021,luxury,0,True
1170,JESSICA THOMAS,76,East Nicholas- DE,227000,2021-11-09,luxury,2,True
1401,jasmine ritter,74,"Port Dawnton, TN",309000,2023-07-09,nature,3,True
1929,CRISTINA BRADSHAW,unknown,"West Breannaborough, WV",795000,15/05/2024,luxury,3,False
1566,Michael vasquez,-3,"Villashire, FL",875000,2024-12-06,nature,3,True
1176,Catherine welch,57,"Fisherburgh, AZ",738000,02/08/2023,luxury,0,False
1327,JARED HORN,26,"Michaelport, PR",477000,"May 10, 2025",adventure,0,True
1706,mary williams,29,North Jennifer- GU,249000,2022-07-08,beach,1,True
1198,TANYA ALVAREZ,60,Daltonstad- MS,840000,2021-08-28,beach,1,True
1470,DAVID HERNANDEZ,30,"Jasonfort, KS",232000,2024-09-28,adventure,1,True
1996,Katherine lopez,66,Chaseport- NJ,142000,2021-09-29,budget,2,False
1694,Vicki davis,24,Gonzalezborough- DC,772000,11/12/2023,nature,3,True
1266,patricia gonzalez,45,Lopezchester- VI,393000,"Jun 11, 2023",beach,3,True
1615,ashlee guzman,50,"West Stevenside, DC",364000,"May 23, 2024",adventure,2,True
1732,Nicole simmons,-3,"Johnville, NH",889000,"Aug 17, 2021",nature,3,True
1492,heather estrada,43,Port Jacob- WV,733000,10/03/2022,nature,2,True
1130,Christina bishop,80,"Donnaview, VI",335000,2023-06-19,nature,0,True
1338,JESSICA PATEL,76,"Kaylashire, IN",115000,"Jul 23, 2021",cultural,1,True
1856,amber henson,43,"Joycefurt, FM",282000,01/07/2021,adventure,2,True
1489,ashley dennis,47,"Port Johnview, AS",296000,2023-01-14,nature,0,False
1572,Hannah edwards,-3,"North Amberhaven, AZ",141000,"Mar 03, 2024",luxury,3,True
1606,corey frost,50,Hamptonmouth- MS,356000,"Mar 05, 2023",beach,0,True
1193,christian erickson,20,Lake Kristenview- CO,333000,06/06/2024,luxury,2,True
1140,THOMAS SIMMONS,20,Youngmouth- MH,235000,2025-04-01,luxury,3,False
1416,KEITH ROBINSON,53,Toddshire- MT,165000,"May 22, 2024",luxury,3,True
1660,jennifer castillo,48,"North Samanthaside, AR",594000,2024-12-03,nature,2,True
1476,joseph jackson,65,"Port Carl, MN",480000,"Jul 30, 2022",adventure,0,True
1714,Wendy mahoney,74,"Burgessberg, NE",896000,18/03/2023,nature,1,True
1152,DENISE PORTER,unknown,Jamesburgh- OR,292000,19/05/2025,beach,1,True
1849,vicki keller,74,"Port Elizabethside, KY",649000,"Oct 05, 2021",nature,1,True
1922,jeffrey moran,51,"Paulport, WA",797000,10/11/2024,luxury,2,True
1010,kimberly phillips,62,"North Heather, NE",465000,16/12/2023,beach,0,True
1269,evelyn johnson,18,"Georgemouth, AZ",681000,"Apr 24, 2024",cultural,1,True
1096,michael campbell,56,"North Hollyton, NY",303000,"Feb 04, 2025",budget,0,True
1210,elizabeth leonard,,"Brettfurt, MO",507000,2023-07-18,adventure,2,True
1989,lynn rodriguez,45,New Jeromeberg- NV,748000,2021-07-31,budget,0,True
1752,MR. DAVID JONES JR.,72,"Christianberg, TN",732000,"Jun 24, 2022",beach,3,True
1569,tiffany palmer,20,"Vanessaside, WY",878000,"Aug 28, 2022",luxury,3,True
1813,ALICE ADAMS,31,West Gracechester- CA,791000,"Dec 30, 2024",beach,3,True
1775,john snow,45,"Hollyside, NY",277000,2025-06-05,luxury,3,True
1548,John guzman,19,West Justinborough- WI,820000,"Sep 28, 2021",nature,3,True
1948,bryan taylor,-3,"Lake Theresaport, WV",472000,"May 26, 2024",luxury,2,True
1532,CHEYENNE MURPHY,59,"North Caroline, LA",451000,"Sep 05, 2023",adventure,3,True
1938,Taylor jennings,30,South Matthew- AR,602000,2025-01-18,beach,2,True
1332,Lisa blankenship,32,West Katherine- AK,105000,2024-06-05,adventure,0,False
1075,Harry glenn,unknown,"Woodshaven, PW",738000,"Mar 27, 2025",luxury,0,False
1712,meredith fuller,68,Michellestad- WI,115000,"Jun 07, 2024",beach,2,True
1077,john fisher,47,Briannaburgh- FL,572000,11/02/2023,adventure,3,True
1263,jodi williams,48,"New Nicholas, WI",894000,2023-02-05,budget,3,False
1998,joseph donovan,76,"East Heather, PA",132000,"Jul 23, 2024",beach,0,True
1149,sarah jones,30,Phillipston- IL,655000,2023-10-14,beach,0,True
1937,KATHLEEN OLSON,65,South Charles- OH,566000,12/06/2024,nature,1,True
1514,nicholas rasmussen,64,Ericaland- NH,581000,2024-04-12,beach,3,True
1945,Jennifer holder,56,"Harrisfurt, CT",475000,14/04/2023,luxury,3,True
1469,sharon alvarez,61,Jasonberg- CO,652000,"May 21, 2024",cultural,3,True
1564,regina white,39,East Kennethfurt- NH,655000,2023-10-12,budget,0,True
1774,JACOB LOVE,,"South Patrick, MH",571000,2025-06-16,luxury,1,True
1461,Rhonda vazquez,63,"Vancefort, AS",584000,2021-12-21,adventure,0,False
1253,CODY BURNS,32,Nguyenport- LA,799000,"Nov 06, 2023",adventure,2,True
1771,margaret carr,23,"West Danielle, WV",385000,2022-07-15,cultural,2,True
1845,Robert alexander,23,North Brianna- PA,490000,07/03/2025,beach,2,True
1369,john rice,,"New Ralphbury, ND",695000,2021-10-30,luxury,0,True
1321,melissa ingram,64,West Kimberlyfort- NM,430000,24/07/2023,cultural,0,False
1695,Heidi davidson,34,North Jackchester- HI,639000,"May 19, 2022",nature,0,True
1151,patrick johnson,20,"West Bethany, MO",249000,2025-03-30,cultural,3,True
1954,jon dixon,21,"Pattersonchester, VI",699000,2023-04-24,adventure,3,True
1302,PHILIP CAMPBELL,55,New Jameschester- OK,180000,"Aug 09, 2024",beach,3,False
1190,david caldwell,57,North Kevinborough- WY,375000,"Jun 11, 2025",luxury,2,True
1586,BARBARA SAMPSON,51,Cynthiamouth- LA,648000,10/02/2023,adventure,2,True
1348,James forbes,75,"Tuckershire, PW",178000,17/09/2024,budget,1,True
1243,RICKY MARTINEZ,20,East Nicholasland- MN,414000,2022-07-05,nature,0,False
1793,Taylor rojas,-3,South Shawnburgh- MN,440000,2025-04-27,nature,2,True
1087,Adrian warren,72,New Robertton- WV,792000,10/03/2022,adventure,2,True
1751,VANESSA GIBSON,45,Micheleview- WV,536000,"Sep 27, 2024",luxury,1,True
1655,MEGAN MORAN,77,"Smithstad, TX",592000,12/06/2022,cultural,3,True
1982,Heather perkins,42,"West Amyland, OK",224000,04/07/2023,beach,3,False
1778,Christopher simon,48,"Port Tonya, DC",443000,2025-02-24,budget,1,True
1418,DAVID EVANS,74,East Stephaniemouth- NM,422000,04/05/2025,cultural,3,True
1288,Kimberly yoder,22,Markfort- KS,363000,06/06/2023,adventure,3,True
1648,ANTHONY PETERSON,59,Port Josephhaven- MA,785000,"Jul 30, 2022",beach,2,True
1166,COREY CONRAD,68,North Shannon- KS,816000,06/11/2021,luxury,2,True
1595,JENNIFER SCHMITT,78,Marcusland- LA,277000,21/02/2023,nature,3,True
1942,amber pruitt,46,Judyhaven- PW,433000,01/05/2024,adventure,0,True
1155,Monique price,79,South Victoriaside- PA,297000,"Jan 24, 2024",cultural,1,True
1356,Sean salinas,18,East Jasminville- IN,194000,2022-04-04,luxury,0,True
1381,Rebecca hanson,28,"Lake Andrea, CA",559000,2025-03-19,nature,2,False
1279,barbara williams,48,"New Brianstad, MS",238000,"Mar 24, 2025",beach,1,True
1126,Christopher duncan,57,"Davisland, NM",547000,23/12/2021,beach,0,True
1707,thomas cunningham,28,Lake Davidberg- VT,893000,"Dec 20, 2021",adventure,3,True
1777,JOHN PRINCE,60,"North Rachelport, OK",515000,2022-06-10,cultural,0,True
1022,JOSHUA CLEMENTS,69,"South John, TX",639000,"Nov 28, 2023",beach,1,False
1616,Joseph harris,70,"Michaelview, AK",716000,31/01/2025,budget,0,True
1665,DANIEL YOUNG,57,West Eric- DE,381000,2024-11-26,beach,1,True
1282,GARY WILKERSON,42,"Scottbury, AL",798000,"May 22, 2022",beach,2,True
1903,MICHAEL MOORE,18,Richardsstad- MA,420000,"Aug 06, 2022",adventure,0,True
1471,jordan ochoa,61,East Rebeccamouth- AZ,664000,2021-11-15,nature,3,True
1738,Matthew herrera phd,77,East Mark- ME,542000,2024-10-11,adventure,2,True
1367,BRANDON RODRIGUEZ,,"East Beverly, MS",792000,"Jul 20, 2021",adventure,3,True
1025,Christopher bowers,77,West Heathermouth- GA,898000,2024-08-30,beach,1,True
1196,michelle richardson,75,"Santoschester, SD",367000,"Nov 07, 2023",nature,3,True
1064,william rush,66,Oliviaside- NY,417000,24/08/2024,beach,0,True
1015,DEBBIE SANFORD,79,West Vickie- GU,717000,"Feb 14, 2024",nature,1,True
1466,Susan young,46,"Scotthaven, GA",351000,20/07/2021,budget,3,True
1297,BRIAN LUCAS,30,Port Crystal- NJ,237000,"Oct 29, 2024",cultural,1,True
1883,andrew williams,74,Deckerside- KY,593000,"Sep 04, 2022",beach,3,True
1621,ETHAN ENGLISH DDS,54,"East Alejandra, WY",788000,"Dec 14, 2022",nature,0,True
1336,Albert boone,18,Kanemouth- NC,294000,"May 06, 2022",beach,3,True
1820,Amy miller,68,"East Lori, GA",775000,"Apr 21, 2023",adventure,2,True
1026,Chad banks,33,Deleonland- AK,661000,2023-09-12,adventure,2,True
1588,Shawn villa,23,Shellyburgh- NC,115000,"Jan 19, 2023",beach,2,True
1043,Anthony harrell,28,"Tonimouth, WI",350000,"Dec 01, 2023",beach,3,True
1497,KIMBERLY RIOS,66,"Johnsonchester, TN",468000,18/03/2025,adventure,2,True
1792,david lara,39,West Johnmouth- CA,833000,"Feb 11, 2023",nature,0,True
1515,cheryl johnson,46,"New Anthonyshire, NJ",401000,18/07/2022,beach,0,True
1995,Joseph vega,39,"Hoffmantown, MN",481000,22/09/2024,budget,2,True
1561,candace wallace,37,"New Amy, OH",196000,"Sep 03, 2022",cultural,3,True
1917,ANITA HESS,67,West Mark- OK,714000,"Jun 15, 2022",cultural,3,True
1454,David mcintyre,19,"South Emmamouth, MP",269000,2022-01-01,adventure,2,True
1387,christopher burke,49,"New Christopher, CT",829000,"Nov 24, 2021",adventure,2,True
1071,Michael mcpherson,76,South Erikaview- DE,214000,07/10/2022,adventure,1,True
1542,justin smith,79,Lawrenceton- LA,767000,13/08/2022,adventure,2,True
1456,brian smith,78,"Newtonside, MP",499000,2021-12-11,beach,1,True
1633,CAROLYN DAVIS,65,New Monica- FM,328000,03/12/2021,beach,3,True
1431,david morales,unknown,"Jonesmouth, OH",743000,"Feb 27, 2024",adventure,1,True
1627,kayla benitez,-3,"Lake Ivan, AZ",260000,01/03/2022,adventure,3,True
1653,CHRISTOPHER GALVAN,61,"Sparksview, MP",491000,2023-05-04,beach,0,True
1728,Jessica dillon,50,Laurafort- MT,726000,"Jul 27, 2024",beach,1,True
1264,jimmy campbell,73,"Vegaport, CA",763000,20/10/2022,nature,2,True
1209,ms. ann robinson,47,"Michaelfort, MI",641000,2023-02-27,luxury,2,False
1316,WILLIAM MILLER,45,New Tara- CA,533000,15/01/2023,luxury,2,True
1896,Lucas phillips,unknown,"New Christopher, MH",548000,27/04/2023,luxury,3,True
1513,DANA STRICKLAND,44,Shelbyburgh- ID,823000,2022-10-23,adventure,1,True
1313,ANDREW VILLARREAL,50,Lake Amandamouth- CT,474000,"Dec 24, 2022",adventure,0,True
1534,nicholas shah,53,Adamsburgh- NV,785000,2023-09-22,budget,3,True
1829,Barbara gregory,74,"Matthewtown, TN",240000,28/09/2021,adventure,3,True
1319,Anthony harrison,68,"Brownington, MN",572000,06/10/2021,luxury,0,True
1007,Charles adams,21,"South Shaneside, SD",670000,"Jul 02, 2021",beach,1,True
1393,Scott stone,20,"New Thomasberg, WY",805000,22/04/2025,nature,2,False
1141,debra johnson,69,"North Laurieport, OH",715000,"Feb 19, 2024",cultural,1,True
1086,MR. JOSEPH SKINNER,72,"Jordanchester, CT",502000,2023-05-23,nature,1,True
1864,wanda morales,,Kyleborough- FL,688000,2023-03-31,luxury,0,True
1478,tammy durham,46,"South Catherine, MS",139000,2022-01-22,luxury,1,True
1503,amanda young,26,"North Julie, NE",796000,"May 20, 2023",nature,2,True
1753,Jeremy martinez,65,Williamsfort- ME,605000,23/04/2025,adventure,1,False
1215,PHYLLIS GONZALEZ,68,Lake Rickeymouth- CO,350000,07/09/2023,beach,3,True
1580,michelle hodge,46,Port Thomasstad- WV,742000,02/07/2022,luxury,2,True
1562,SHELLEY BOWEN,unknown,"Kramerview, WA",326000,05/07/2022,adventure,3,True
1398,allison decker,32,South Eileentown- DC,597000,"Dec 29, 2024",nature,1,True
1925,ronnie petty,27,Mooremouth- WV,220000,"Sep 29, 2024",budget,0,True
1668,patrick tucker,76,"Walkerfurt, DE",180000,2023-10-28,cultural,1,False
1490,Krista hughes,48,Elizabethberg- ID,158000,22/12/2022,luxury,2,True
1252,michael jones,34,"Paulfurt, TX",706000,08/09/2022,cultural,3,True
1907,jamie gonzalez,28,South Stephanieborough- VA,733000,02/06/2024,luxury,0,True
1468,SARAH RIVERA MD,53,West Taylorville- NV,821000,06/05/2025,adventure,0,True
1914,Blake cross,59,Port Jasonport- IA,731000,2023-01-15,beach,1,False
1357,DEREK RAMOS,54,"South Anthonyfurt, FM",247000,"Jul 26, 2021",nature,1,True
1254,eric nichols,63,"West Rebeccaberg, HI",668000,03/11/2024,beach,0,True
1276,Jordan sparks,64,Brendaport- GA,566000,"Dec 29, 2024",cultural,0,True
1178,ROBIN RODRIGUEZ,40,Yangfort- CO,287000,08/02/2023,beach,1,True
1281,ADRIENNE MARKS,37,North Lisa- AK,307000,"Jul 23, 2023",luxury,3,False
1390,DIANA FRANCO,64,East Joel- LA,757000,06/06/2023,cultural,2,False
1508,joshua fox,64,Obrienfort- LA,717000,"Aug 15, 2024",nature,1,True
1749,Brenda jones,43,Leahside- ID,360000,2023-02-15,adventure,3,True
1583,COREY DUKE,39,"Jasonside, MT",878000,21/03/2025,budget,2,True
1972,CHRISTOPHER RUIZ,57,"Chambersmouth, WI",877000,2021-10-25,adventure,0,True
1129,Julie barry md,38,Joanntown- CA,784000,2024-05-25,cultural,2,True
1144,DANIELLE STRICKLAND,71,"New Troy, KY",495000,2024-12-25,nature,2,True
1960,brett benson,38,"Jenniferville, LA",639000,"Mar 12, 2023",adventure,2,True
1847,KELLY LEE,35,"Port Natalie, PA",508000,30/04/2023,luxury,0,True
1645,AMY BURTON,66,"South Nicole, PR",270000,2023-08-04,adventure,2,True
1715,adam black,-3,"Lake Robertton, NH",220000,2024-11-30,nature,3,False
1905,JANET BROOKS,63,"Washingtonton, PW",388000,16/02/2024,adventure,1,True
1767,lori kidd,76,"East Emilyshire, VA",569000,2024-04-24,luxury,2,True
1072,jesse sanchez,40,"New Christinemouth, MH",603000,30/03/2023,adventure,2,True
1908,STEVEN SMITH,30,"Turnermouth, AL",806000,"Mar 01, 2022",luxury,3,False
1235,Jay smith,48,Lake Amanda- WV,297000,2022-11-28,cultural,0,True
1037,jennifer kemp,29,"Joyhaven, TN",819000,2023-01-03,cultural,1,True
